"model","template","temperature","run","project","startLine","startColumn","endLine","endColumn","originalCode","replacement","promptId","completionId","reason","lv"
"codellama-13b-instruct","full","0.0","354","Complex.js",256,18,256,64,"tokens[i + 1] === 'i' || tokens[i + 1] === 'I'","tokens[i + 1] === 'i' || tokens[i + 1] === 'I' || tokens[i + 1] === 'j' || tokens[i + 1] === 'J'",98,97,"if/test",50
"codellama-13b-instruct","full","0.0","354","Complex.js",638,36,638,46,"this['re']","Math.sqrt(this['re'] * this['re'] + this['im'] * this['im'])",273,272,"call/arg1",50
"codellama-34b-instruct","basic","0.0","390","Complex.js",382,10,382,92,"(this['isInfinite']() && z['isZero']()) || (this['isZero']() && z['isInfinite']())","(a === 0 && b === 0)",140,139,"if/test",74
"codellama-34b-instruct","basic","0.0","391","Complex.js",382,10,382,92,"(this['isInfinite']() && z['isZero']()) || (this['isZero']() && z['isInfinite']())","(a === 0 && b === 0)",140,139,"if/test",74
"codellama-34b-instruct","full","0.0","312","Complex.js",1416,26,1416,33,"Complex","Complex.prototype.isFinite = function() {
  return isFinite(this['re']) && isFinite(this['im']);
}",487,486,"call/arg0",91
"codellama-34b-instruct","full","0.0","314","Complex.js",1416,26,1416,33,"Complex","Complex.prototype.isFinite = function() {
  return isFinite(this['re']) && isFinite(this['im']);
}",487,486,"call/arg0",91
"codellama-34b-instruct","full","0.25","350","Complex.js",190,14,190,36,"'im' in a && 're' in a","Object.prototype.hasOwnProperty.call(a, 'im') && Object.prototype.hasOwnProperty.call(a, 're')",46,45,"if/test",84
"codellama-34b-instruct","full","0.25","353","Complex.js",199,21,199,43,"'r' in a && 'phi' in a","Object.prototype.hasOwnProperty.call(a, 'r') && Object.prototype.hasOwnProperty.call(a, 'phi')",57,56,"if/test",83
"codellama-34b-instruct","full","0.5","318","Complex.js",190,14,190,36,"'im' in a && 're' in a","Object.prototype.hasOwnProperty.call(a, 'im') && Object.prototype.hasOwnProperty.call(a, 're')",46,45,"if/test",84
"codellama-34b-instruct","full","0.5","319","Complex.js",1416,26,1416,33,"Complex","Complex.prototype.isInfinite = function() { return true; }",487,486,"call/arg0",51
"codellama-34b-instruct","full","1.0","341","Complex.js",575,23,575,33,"this['im']","    function withConstantMultiplied() { 
        var re, im; 
        re = Math.exp(this['re']); 
        im = Math.exp(this['im']); 
        return new Complex(re*Math.cos(im), im*Math.sin(re)*2); 
    }",247,246,"call/arg0",194
"codellama-34b-instruct","full","1.0","341","Complex.js",575,23,575,33,"this['im']","    function withCallAtEnd() { 
        var re, im; 
        re = Math.exp(this['re']); 
        im = Math.exp(this['im']); 
        return new Complex(re*Math.cos(im), im*Math.sin(re)); 
    }",247,246,"call/arg0",183
"codellama-34b-instruct","full","genericsystemprompt-0.0","384","Complex.js",1416,26,1416,33,"Complex","Complex.prototype.isInfinite = function() {
  return !(this.isNaN() || this.isFinite());
}",487,486,"call/arg0",83
"codellama-34b-instruct","full","genericsystemprompt-0.0","385","Complex.js",1416,26,1416,33,"Complex","Complex.prototype.isInfinite = function() {
  return !(this.isNaN() || this.isFinite());
}",487,486,"call/arg0",83
"codellama-34b-instruct","noexplanation","0.0","372","Complex.js",190,14,190,36,"'im' in a && 're' in a","Object.prototype.hasOwnProperty.call(a, 'im') && Object.prototype.hasOwnProperty.call(a, 're')",46,45,"if/test",84
"codellama-34b-instruct","noexplanation","0.0","374","Complex.js",190,14,190,36,"'im' in a && 're' in a","Object.prototype.hasOwnProperty.call(a, 'im') && Object.prototype.hasOwnProperty.call(a, 're')",46,45,"if/test",84
"codellama-34b-instruct","noinstructions","0.0","378","Complex.js",1416,26,1416,33,"Complex","Complex.prototype.isInfinite = function() {
  return !(this.isNaN() || this.isFinite());
}",487,486,"call/arg0",83
"codellama-34b-instruct","noinstructions","0.0","379","Complex.js",1416,26,1416,33,"Complex","Complex.prototype.isInfinite = function() {
  return !(this.isNaN() || this.isFinite());
}",487,486,"call/arg0",83
"codellama-34b-instruct","onemutation","0.0","365","Complex.js",1416,26,1416,33,"Complex","Complex.prototype.isInfinite = function() {
  return !(this['isNaN']() || this['isFinite']());
}",487,486,"call/arg0",89
"codellama-34b-instruct","onemutation","0.0","366","Complex.js",1416,26,1416,33,"Complex","Complex.prototype.isInfinite = function() {
  return !(this['isNaN']() || this['isFinite']());
}",487,486,"call/arg0",89
"mixtral-8x7b-instruct","full","0.0","360","Complex.js",256,18,256,64,"tokens[i + 1] === 'i' || tokens[i + 1] === 'I'","typeof tokens[i + 1] === 'string' && (tokens[i + 1].toLowerCase() === 'i' || tokens[i + 1].toLowerCase() === 'j')",98,97,"if/test",68
"mixtral-8x7b-instruct","full","0.0","361","Complex.js",256,18,256,64,"tokens[i + 1] === 'i' || tokens[i + 1] === 'I'","typeof tokens[i + 1] === 'string' && (tokens[i + 1].toLowerCase() === 'i' || tokens[i + 1].toLowerCase() === 'j')",98,97,"if/test",68
"codellama-13b-instruct","full","0.0","354","countries-and-timezones",32,10,32,26,"!result[country]","!result[country] && Object.assign(result, { [country]: { current: [], all: [] } })",10,9,"if/test",66
"codellama-13b-instruct","full","0.0","354","countries-and-timezones",32,10,32,26,"!result[country]","result[country] || Object.assign(result, { [country]: { current: [], all: [] } })",10,9,"if/test",66
"codellama-34b-instruct","basic","0.0","390","countries-and-timezones",5,6,5,11,"!name","!tzMap.current || !tzMap.all",1,0,"if/test",25
"codellama-34b-instruct","basic","0.0","391","countries-and-timezones",5,6,5,11,"!name","!tzMap.current || !tzMap.all",1,0,"if/test",25
"codellama-34b-instruct","full","0.0","312","countries-and-timezones",18,9,18,45,"deliverTimezones(timezones, options)","deliverTimezones(timezones, options.deprecated ? options.deprecated : options.timezones)",56,55,"call/allArgs",52
"codellama-34b-instruct","full","0.0","314","countries-and-timezones",18,9,18,45,"deliverTimezones(timezones, options)","deliverTimezones(timezones, options.deprecated ? options.deprecated : options.timezones)",56,55,"call/allArgs",52
"codellama-34b-instruct","full","0.25","351","countries-and-timezones",25,6,25,16,"timezone.r","timezone.r && timezone.r.aliasOf && timezone.r.aliasOf.length > 0",27,26,"if/test",55
"codellama-34b-instruct","full","0.25","352","countries-and-timezones",23,39,23,46,"options","options.deprecated ? options : {...options, deprecated: true}",66,65,"call/arg1",54
"codellama-34b-instruct","full","0.5","319","countries-and-timezones",49,17,49,57,"getCountriesForTimezone(tzName, options)","getCountriesForTimezone(getCountryForTimezone(tzName, { allTimezones: true, deprecated: true }))",90,89,"call/allArgs",59
"codellama-34b-instruct","full","0.5","320","countries-and-timezones",5,35,5,49,"data.timezones","Object.keys(data.timezones).filter(key => key.startsWith('UTC')).length",37,36,"call/arg0",57
"codellama-34b-instruct","full","1.0","343","countries-and-timezones",12,25,12,29,"prev","Object.assign({ ...prev }, { [id]: getCountry(id, options) })",41,40,"call/arg0",57
"codellama-34b-instruct","full","1.0","345","countries-and-timezones",64,44,64,48,"prev","{ [key]: { ...tzs[key], timezones: tzs[key].timezones } }",103,102,"call/arg0",56
"codellama-34b-instruct","full","genericsystemprompt-0.0","384","countries-and-timezones",18,9,18,45,"deliverTimezones(timezones, options)","deliverTimezones(timezones, options.deprecated ? options.deprecated : options.timezones)",56,55,"call/allArgs",52
"codellama-34b-instruct","full","genericsystemprompt-0.0","385","countries-and-timezones",18,9,18,45,"deliverTimezones(timezones, options)","deliverTimezones(timezones, options.deprecated ? options.deprecated : options.timezones)",56,55,"call/allArgs",52
"codellama-34b-instruct","noexplanation","0.0","372","countries-and-timezones",25,6,25,16,"timezone.r","timezone.r && timezone.r.deprecated && timezone.r.deprecated.length > 0",27,26,"if/test",61
"codellama-34b-instruct","noexplanation","0.0","374","countries-and-timezones",25,6,25,16,"timezone.r","timezone.r && timezone.r.deprecated && timezone.r.deprecated.length > 0",27,26,"if/test",61
"codellama-34b-instruct","noinstructions","0.0","378","countries-and-timezones",64,44,64,48,"prev","prev.filter(tz => tz.name !== tzs[key].name)",103,102,"call/arg0",40
"codellama-34b-instruct","noinstructions","0.0","379","countries-and-timezones",64,44,64,48,"prev","prev.filter(tz => tz.name !== tzs[key].name)",103,102,"call/arg0",40
"codellama-34b-instruct","onemutation","0.0","365","countries-and-timezones",64,30,64,70,"Object.assign(prev, { [key]: tzs[key] })","Object.assign(prev, { [key]: tzs[key].deprecated ? null : tzs[key] })",105,104,"call/allArgs",29
"codellama-34b-instruct","onemutation","0.0","366","countries-and-timezones",64,30,64,70,"Object.assign(prev, { [key]: tzs[key] })","Object.assign(prev, { [key]: tzs[key].deprecated ? null : tzs[key] })",105,104,"call/allArgs",29
"mixtral-8x7b-instruct","full","0.0","363","countries-and-timezones",12,25,12,29,"prev","prev ? { ...prev, [id]: getCountry(id, options) } : { [id]: getCountry(id, options) }",41,40,"call/arg0",81
"mixtral-8x7b-instruct","full","0.0","364","countries-and-timezones",12,25,12,29,"prev","prev ? { ...prev, [id]: getCountry(id, options) } : { [id]: getCountry(id, options) }",41,40,"call/arg0",81
"codellama-13b-instruct","full","0.0","354","crawler-url-parser",156,5,156,33,"pageurl.host == linkurl.host","linkurl.host == pageurl.host && linkurl.subdomain == pageurl.subdomain && linkurl.path != pageurl.path",151,150,"if/test",76
"codellama-13b-instruct","full","0.0","355","crawler-url-parser",156,5,156,33,"pageurl.host == linkurl.host","linkurl.host == pageurl.host && linkurl.subdomain == pageurl.subdomain && linkurl.path != pageurl.path",151,150,"if/test",76
"codellama-34b-instruct","basic","0.0","390","crawler-url-parser",55,44,55,48,"true","{
	protocol: parsedUrl.protocol,
	slashes: true,
	auth: parsedUrl.auth,
	host: parsedUrl.host,
	port: parsedUrl.port,
	hostname: parsedUrl.hostname,
	hash: parsedUrl.hash,
	search: parsedUrl.search,
	query: parsedUrl.query,
	pathname: parsedUrl.pathname,
	path: parsedUrl.path,
	href: parsedUrl.href
}",43,42,"call/arg1",297
"codellama-34b-instruct","basic","0.0","391","crawler-url-parser",55,44,55,48,"true","{
	protocol: parsedUrl.protocol,
	slashes: true,
	auth: parsedUrl.auth,
	host: parsedUrl.host,
	port: parsedUrl.port,
	hostname: parsedUrl.hostname,
	hash: parsedUrl.hash,
	search: parsedUrl.search,
	query: parsedUrl.query,
	pathname: parsedUrl.pathname,
	path: parsedUrl.path,
	href: parsedUrl.href
}",43,42,"call/arg1",297
"codellama-34b-instruct","full","0.0","312","crawler-url-parser",165,29,165,41,"pageurl_path","pageurl_path.split(""/"").filter(function (elem, index, array) {
	return elem.length > 0
}).join(""/"")",165,164,"call/arg0",87
"codellama-34b-instruct","full","0.0","314","crawler-url-parser",165,29,165,41,"pageurl_path","pageurl_path.split(""/"").filter(function (elem, index, array) {
	return elem.length > 0
}).join(""/"")",165,164,"call/arg0",87
"codellama-34b-instruct","full","0.25","348","crawler-url-parser",16,72,16,75,"str","str.replace(/[^a-z0-9\:\/\?\#\[\]\@\!\$\&\'\(\)\*\+\,\;\=\.\-\_\~\%]/i, ' ')",2,1,"call/arg0",73
"codellama-34b-instruct","full","0.25","348","crawler-url-parser",16,72,16,75,"str","str.replace(/[^a-z0-9\:\/\?\#\[\]\@\!\$\&\'\(\)\*\+\,\;\=\.\-\_\~\%]/i, '')",2,1,"call/arg0",72
"codellama-34b-instruct","full","0.5","320","crawler-url-parser",63,38,63,42,"true","parsedUrl.protocol.indexOf('http:') === -1 && parsedUrl.protocol.indexOf('https:') === -1",58,57,"call/arg1",86
"codellama-34b-instruct","full","0.5","318","crawler-url-parser",97,6,97,96,"typeof href == ""undefined"" || href.length < 3 || /^(javascript|mailto:|ftp:)/ig.test(href)","href == null",90,89,"if/test",79
"codellama-34b-instruct","full","1.0","342","crawler-url-parser",97,6,97,96,"typeof href == ""undefined"" || href.length < 3 || /^(javascript|mailto:|ftp:)/ig.test(href)","ELSE",90,89,"if/test",90
"codellama-34b-instruct","full","1.0","343","crawler-url-parser",156,5,156,33,"pageurl.host == linkurl.host","!linkurl.hash.trim().startsWith('#') || (!pageurl.hash.trim().startsWith('#') && linkurl.hash == pageurl.hash)",151,150,"if/test",87
"codellama-34b-instruct","full","genericsystemprompt-0.0","384","crawler-url-parser",167,29,167,41,"linkurl_path","linkurl_path.replace(/(\/[^\/]*)[\/]?$/, """") + pageurl_path.replace(/(\/[^\/]*)[\/]?$/, """")",169,168,"call/arg0",79
"codellama-34b-instruct","full","genericsystemprompt-0.0","385","crawler-url-parser",167,29,167,41,"linkurl_path","linkurl_path.replace(/(\/[^\/]*)[\/]?$/, """") + pageurl_path.replace(/(\/[^\/]*)[\/]?$/, """")",169,168,"call/arg0",79
"codellama-34b-instruct","noexplanation","0.0","372","crawler-url-parser",167,29,167,41,"linkurl_path","linkurl_path.replace(/(\/[^\/]*)[\/]?$/, """") + ""/"" + linkurl.path",169,168,"call/arg0",53
"codellama-34b-instruct","noexplanation","0.0","374","crawler-url-parser",167,29,167,41,"linkurl_path","linkurl_path.replace(/(\/[^\/]*)[\/]?$/, """") + ""/"" + linkurl.path",169,168,"call/arg0",53
"codellama-34b-instruct","noinstructions","0.0","378","crawler-url-parser",97,6,97,96,"typeof href == ""undefined"" || href.length < 3 || /^(javascript|mailto:|ftp:)/ig.test(href)","href.length < 3",90,89,"if/test",75
"codellama-34b-instruct","noinstructions","0.0","379","crawler-url-parser",97,6,97,96,"typeof href == ""undefined"" || href.length < 3 || /^(javascript|mailto:|ftp:)/ig.test(href)","href.length < 3",90,89,"if/test",75
"codellama-34b-instruct","onemutation","0.0","365","crawler-url-parser",102,7,102,33,"urlMap.has(currentUrl.url)","urlMap.has(currentUrl.url) && urlMap.get(currentUrl.url).text.includes(text)",98,97,"if/test",50
"codellama-34b-instruct","onemutation","0.0","366","crawler-url-parser",102,7,102,33,"urlMap.has(currentUrl.url)","urlMap.has(currentUrl.url) && urlMap.get(currentUrl.url).text.includes(text)",98,97,"if/test",50
"mixtral-8x7b-instruct","full","0.0","360","crawler-url-parser",16,72,16,75,"str","'str'.replace(/[^a-z0-9\:\/\?\#\[\]\@\!\$\&\'\(\)\*\+\,\;\=\.\-\_\~\%]/g, '')",2,1,"call/arg0",74
"mixtral-8x7b-instruct","full","0.0","363","crawler-url-parser",16,72,16,75,"str","'str'.replace(/[^a-z0-9\:\/\?\#\[\]\@\!\$\&\'\(\)\*\+\,\;\=\.\-\_\~\%]/g, '')",2,1,"call/arg0",74
"codellama-13b-instruct","full","0.0","354","delta",141,14,141,50,"typeof newOp.attributes === 'object'","newOp.attributes != null && typeof newOp.attributes === 'object' && Object.keys(newOp.attributes).length > 0",89,88,"if/test",72
"codellama-13b-instruct","full","0.0","355","delta",141,14,141,50,"typeof newOp.attributes === 'object'","newOp.attributes != null && typeof newOp.attributes === 'object' && Object.keys(newOp.attributes).length > 0",89,88,"if/test",72
"codellama-34b-instruct","basic","0.0","390","delta",242,6,244,35,"firstOther != null &&
      typeof firstOther.retain === 'number' &&
      firstOther.attributes == null","otherIter.peekLength() > 0",137,136,"if/test",90
"codellama-34b-instruct","basic","0.0","391","delta",242,6,244,35,"firstOther != null &&
      typeof firstOther.retain === 'number' &&
      firstOther.attributes == null","otherIter.peekLength() > 0",137,136,"if/test",90
"codellama-34b-instruct","full","0.0","312","delta",511,12,514,30,"typeof thisData === 'object' &&
            thisData !== null &&
            typeof otherData === 'object' &&
            otherData !== null","thisData !== otherData",399,398,"if/test",118
"codellama-34b-instruct","full","0.0","314","delta",511,12,514,30,"typeof thisData === 'object' &&
            thisData !== null &&
            typeof otherData === 'object' &&
            otherData !== null","thisData !== otherData",399,398,"if/test",118
"codellama-34b-instruct","full","0.25","351","delta",511,12,514,30,"typeof thisData === 'object' &&
            thisData !== null &&
            typeof otherData === 'object' &&
            otherData !== null","thisData > otherData",399,398,"if/test",121
"codellama-34b-instruct","full","0.25","348","delta",511,12,514,30,"typeof thisData === 'object' &&
            thisData !== null &&
            typeof otherData === 'object' &&
            otherData !== null","thisData !== otherData",399,398,"if/test",118
"codellama-34b-instruct","full","0.5","320","delta",511,12,514,30,"typeof thisData === 'object' &&
            thisData !== null &&
            typeof otherData === 'object' &&
            otherData !== null","!thisData || !otherData",399,398,"if/test",120
"codellama-34b-instruct","full","0.5","318","delta",511,12,514,30,"typeof thisData === 'object' &&
            thisData !== null &&
            typeof otherData === 'object' &&
            otherData !== null","thisData !== otherData",399,398,"if/test",118
"codellama-34b-instruct","full","1.0","345","delta",511,12,514,30,"typeof thisData === 'object' &&
            thisData !== null &&
            typeof otherData === 'object' &&
            otherData !== null","thisData === 0",399,398,"if/test",127
"codellama-34b-instruct","full","1.0","341","delta",511,12,514,30,"typeof thisData === 'object' &&
            thisData !== null &&
            typeof otherData === 'object' &&
            otherData !== null","typeof thisData === 'object' &&
            thisData !== null &&
            typeof otherData === 'object' &&
            otherData !== null &&
            typeof Object.values(thisData)[0] === 'object' &&
            typeof Object.values(otherData)[0] === 'object'",399,387,"if/test",125
"codellama-34b-instruct","full","genericsystemprompt-0.0","384","delta",511,12,514,30,"typeof thisData === 'object' &&
            thisData !== null &&
            typeof otherData === 'object' &&
            otherData !== null","thisData !== otherData",399,398,"if/test",118
"codellama-34b-instruct","full","genericsystemprompt-0.0","385","delta",511,12,514,30,"typeof thisData === 'object' &&
            thisData !== null &&
            typeof otherData === 'object' &&
            otherData !== null","thisData !== otherData",399,398,"if/test",118
"codellama-34b-instruct","noexplanation","0.0","372","delta",178,21,178,30,"predicate","(op, index) => {
  if (op.retain && op.attributes) {
    op.attributes = { ...op.attributes, ...attributes };
  }
  return op;
}",106,105,"call/arg0",121
"codellama-34b-instruct","noexplanation","0.0","374","delta",178,21,178,30,"predicate","(op, index) => {
  if (op.retain && op.attributes) {
    op.attributes = { ...op.attributes, ...attributes };
  }
  return op;
}",106,105,"call/arg0",121
"codellama-34b-instruct","noinstructions","0.0","378","delta",511,12,514,30,"typeof thisData === 'object' &&
            thisData !== null &&
            typeof otherData === 'object' &&
            otherData !== null","thisData !== otherData",399,398,"if/test",118
"codellama-34b-instruct","noinstructions","0.0","379","delta",511,12,514,30,"typeof thisData === 'object' &&
            thisData !== null &&
            typeof otherData === 'object' &&
            otherData !== null","thisData !== otherData",399,398,"if/test",118
"codellama-34b-instruct","onemutation","0.0","365","delta",511,12,514,30,"typeof thisData === 'object' &&
            thisData !== null &&
            typeof otherData === 'object' &&
            otherData !== null","thisData !== otherData",399,398,"if/test",118
"codellama-34b-instruct","onemutation","0.0","366","delta",511,12,514,30,"typeof thisData === 'object' &&
            thisData !== null &&
            typeof otherData === 'object' &&
            otherData !== null","thisData !== otherData",399,398,"if/test",118
"mixtral-8x7b-instruct","full","0.0","364","delta",48,26,48,27,"b","Object.keys(attributes).reduce<AttributeMap>((attrs, key) => {
  if (!isEqual(a[key], b[key])) {
    attrs[key] = b[key] || null;
  }
  return attrs;
}, {})",20,19,"call/arg0",155
"mixtral-8x7b-instruct","full","0.0","360","delta",55,23,55,33,"attributes","Object.keys(a).concat(Object.keys(b)).reduce<AttributeMap>((attrs, key) => {
  if (a[key] === undefined) {
    attrs[key] = b[key];
  }
  return attrs;
}, {})",27,26,"call/arg0",148
"codellama-13b-instruct","full","0.0","354","image-downloader",20,45,20,60,"decodedBasename","path.join(options.dest, 'new-filename')",17,16,"call/arg1",31
"codellama-13b-instruct","full","0.0","355","image-downloader",20,45,20,60,"decodedBasename","path.join(options.dest, 'new-filename')",17,16,"call/arg1",31
"codellama-34b-instruct","basic","0.0","390","image-downloader",28,17,28,24,"options","{
  url: options.url,
  dest: options.dest,
  extractFilename: extractFilename,
  ...options
}",27,26,"call/arg0",87
"codellama-34b-instruct","basic","0.0","391","image-downloader",28,17,28,24,"options","{
  url: options.url,
  dest: options.dest,
  extractFilename: extractFilename,
  ...options
}",27,26,"call/arg0",87
"codellama-34b-instruct","full","0.0","312","image-downloader",23,32,23,50,"new TimeoutError()","new Error('Request timed out.', { code: 'ETIMEDOUT', timeout: 1000 })",42,41,"call/arg0",56
"codellama-34b-instruct","full","0.0","314","image-downloader",23,32,23,50,"new TimeoutError()","new Error('Request timed out.', { code: 'ETIMEDOUT', timeout: 1000 })",42,41,"call/arg0",56
"codellama-34b-instruct","full","0.25","348","image-downloader",23,32,23,50,"new TimeoutError()","new Error('Request timed out.', { code: 'ETIMEDOUT', timeout: 1000 })",42,41,"call/arg0",56
"codellama-34b-instruct","full","0.25","351","image-downloader",17,37,17,45,"pathname","path.basename(options.dest, path.extname(options.dest))",12,11,"call/arg0",47
"codellama-34b-instruct","full","0.5","321","image-downloader",5,6,5,18,"!options.url","!options.url || options.url.length === 0 || options.url.length > 10",1,0,"if/test",55
"codellama-34b-instruct","full","0.5","322","image-downloader",20,31,20,43,"options.dest","options.dest.substring(0, options.dest.lastIndexOf('/'))",16,15,"call/arg0",44
"codellama-34b-instruct","full","1.0","343","image-downloader",28,17,28,24,"options","options.dest = path.join(path.dirname(options.dest), path.basename(options.dest))",27,26,"call/arg0",74
"codellama-34b-instruct","full","1.0","341","image-downloader",28,17,28,24,"options","options.dest = path.resolve(__dirname, options.dest) + ""/foo""",27,26,"call/arg0",54
"codellama-34b-instruct","full","genericsystemprompt-0.0","384","image-downloader",23,32,23,50,"new TimeoutError()","new Error('Request timed out.', { code: 'ETIMEDOUT', timeout: 1000 })",42,41,"call/arg0",56
"codellama-34b-instruct","full","genericsystemprompt-0.0","385","image-downloader",23,32,23,50,"new TimeoutError()","new Error('Request timed out.', { code: 'ETIMEDOUT', timeout: 1000 })",42,41,"call/arg0",56
"codellama-34b-instruct","noexplanation","0.0","372","image-downloader",10,10,10,32,"res.statusCode !== 200","res.statusCode !== 200 && res.statusCode !== 300 && res.statusCode !== 400",32,31,"if/test",52
"codellama-34b-instruct","noexplanation","0.0","374","image-downloader",10,10,10,32,"res.statusCode !== 200","res.statusCode !== 200 && res.statusCode !== 300 && res.statusCode !== 400",32,31,"if/test",52
"codellama-34b-instruct","noinstructions","0.0","378","image-downloader",14,8,14,35,"!path.extname(options.dest)","path.extname(options.dest) === path.extname(options.url)",8,7,"if/test",31
"codellama-34b-instruct","noinstructions","0.0","378","image-downloader",24,6,24,36,"!path.isAbsolute(options.dest)","path.isAbsolute(options.dest) && path.extname(options.dest)",19,18,"if/test",31
"codellama-34b-instruct","onemutation","0.0","365","image-downloader",18,49,18,57,"basename","decodedBasename.toLowerCase()",14,13,"call/arg0",22
"codellama-34b-instruct","onemutation","0.0","365","image-downloader",23,32,23,50,"new TimeoutError()","new Error('Request timed out.')",42,41,"call/arg0",22
"mixtral-8x7b-instruct","full","0.0","360","image-downloader",28,17,28,24,"options","options.hasOwnProperty('url') ? options.url : ''",27,26,"call/arg0",41
"mixtral-8x7b-instruct","full","0.0","361","image-downloader",28,17,28,24,"options","options.hasOwnProperty('url') ? options.url : ''",27,26,"call/arg0",41
"codellama-13b-instruct","full","0.0","354","node-dirty",127,33,127,92,"new Error('Empty lines never appear in a healthy database')","new Error('Database is corrupted')",92,91,"call/arg1",38
"codellama-13b-instruct","full","0.0","355","node-dirty",127,33,127,92,"new Error('Empty lines never appear in a healthy database')","new Error('Database is corrupted')",92,91,"call/arg1",38
"codellama-34b-instruct","basic","0.0","390","node-dirty",127,14,127,93,"this.emit('error', new Error('Empty lines never appear in a healthy database'))","this.emit('error')",93,92,"call/allArgs",61
"codellama-34b-instruct","basic","0.0","391","node-dirty",127,14,127,93,"this.emit('error', new Error('Empty lines never appear in a healthy database'))","this.emit('error')",93,92,"call/allArgs",61
"codellama-34b-instruct","full","0.0","312","node-dirty",80,35,80,38,"key","this._data.get(key) || this._data.set(key, undefined)",52,51,"call/arg0",50
"codellama-34b-instruct","full","0.0","314","node-dirty",80,35,80,38,"key","this._data.get(key) || this._data.set(key, undefined)",52,51,"call/arg0",50
"codellama-34b-instruct","full","0.25","348","node-dirty",35,23,35,25,"cb","() => { this.emit('error', new Error('Test error')); }",15,14,"call/arg0",54
"codellama-34b-instruct","full","0.25","352","node-dirty",48,26,48,29,"key","this._data.get(key).split('').reverse().join('')",30,29,"call/arg0",45
"codellama-34b-instruct","full","0.5","319","node-dirty",127,33,127,92,"new Error('Empty lines never appear in a healthy database')","new Error('This is a different error message', { cause: new Error('This is the original error message') })",92,91,"call/arg1",73
"codellama-34b-instruct","full","0.5","319","node-dirty",62,29,62,31,"cb","() => { this.emit('error', new Error('something went wrong')) }",34,33,"call/arg2",63
"codellama-34b-instruct","full","1.0","345","node-dirty",91,8,91,24,"this._readStream","this._writeStream.on('end', () => {
  if (buffer.length) {
    this.emit('error', new Error(`Corrupted row at the end of the db: ${buffer}`));
  }
  this.emit('load', this._data.size);
})",60,59,"if/test",172
"codellama-34b-instruct","full","1.0","345","node-dirty",91,8,91,24,"this._readStream","this._writeStream.on('error', () => {
  this.emit('error', new Error('Error writing to the database'));
})",60,59,"if/test",93
"codellama-34b-instruct","full","genericsystemprompt-0.0","384","node-dirty",80,35,80,38,"key","this._data.get(key) || this._data.set(key, {})",52,51,"call/arg0",43
"codellama-34b-instruct","full","genericsystemprompt-0.0","385","node-dirty",80,35,80,38,"key","this._data.get(key) || this._data.set(key, {})",52,51,"call/arg0",43
"codellama-34b-instruct","noexplanation","0.0","372","node-dirty",113,14,113,35,"err.code === 'ENOENT'","err.code === 'ENOENT' || err.code === 'ENOFILE' || err.code === 'ENODIR'",73,72,"if/test",51
"codellama-34b-instruct","noexplanation","0.0","374","node-dirty",113,14,113,35,"err.code === 'ENOENT'","err.code === 'ENOENT' || err.code === 'ENOFILE' || err.code === 'ENODIR'",73,72,"if/test",51
"codellama-34b-instruct","noinstructions","0.0","378","node-dirty",35,23,35,25,"cb","() => { throw new Error('Test error') }",15,14,"call/arg0",39
"codellama-34b-instruct","noinstructions","0.0","378","node-dirty",92,8,92,25,"this._writeStream","this._writeStream.end(() => this._writeStream.destroy())",63,62,"if/test",39
"codellama-34b-instruct","onemutation","0.0","365","node-dirty",101,8,101,28,"this.emit('load', 0)","this.emit('error', new Error('Failed to load database'))",72,71,"call/allArgs",40
"codellama-34b-instruct","onemutation","0.0","366","node-dirty",101,8,101,28,"this.emit('load', 0)","this.emit('error', new Error('Failed to load database'))",72,71,"call/allArgs",40
"mixtral-8x7b-instruct","full","0.0","360","node-dirty",91,8,91,24,"this._readStream","this._readStream || fs.createReadStream(this.path, {encoding: 'utf-8', flags: 'r'})",60,59,"if/test",67
"mixtral-8x7b-instruct","full","0.0","361","node-dirty",91,8,91,24,"this._readStream","this._readStream || fs.createReadStream(this.path, {encoding: 'utf-8', flags: 'r'})",60,58,"if/test",67
"codellama-13b-instruct","full","0.0","354","node-geo-point",60,8,60,24,"!isObject(point)","!isObject(point) || !point.hasOwnProperty('type') || !point.hasOwnProperty('coordinates')",4,3,"if/test",73
"codellama-13b-instruct","full","0.0","355","node-geo-point",60,8,60,24,"!isObject(point)","!isObject(point) || !point.hasOwnProperty('type') || !point.hasOwnProperty('coordinates')",4,3,"if/test",73
"codellama-34b-instruct","basic","0.0","390","node-geo-point",106,52,106,53,"a","cos(point1Rad) * cos(point2Rad) * cos(deg2rad(point1.longitude) - deg2rad(point2.longitude))",39,38,"call/arg0",91
"codellama-34b-instruct","basic","0.0","391","node-geo-point",106,52,106,53,"a","cos(point1Rad) * cos(point2Rad) * cos(deg2rad(point1.longitude) - deg2rad(point2.longitude))",39,38,"call/arg0",91
"codellama-34b-instruct","full","0.0","312","node-geo-point",85,18,85,24,"object","object.hasOwnProperty('latitude') && object.hasOwnProperty('longitude') && object.latitude !== object.longitude",20,19,"call/arg0",105
"codellama-34b-instruct","full","0.0","314","node-geo-point",85,18,85,24,"object","object.hasOwnProperty('latitude') && object.hasOwnProperty('longitude') && object.latitude !== object.longitude",20,19,"call/arg0",105
"codellama-34b-instruct","full","0.25","350","node-geo-point",85,18,85,24,"object","object.hasOwnProperty('latitude') && object.hasOwnProperty('longitude') && object.hasOwnProperty('altitude')",20,19,"call/arg0",102
"codellama-34b-instruct","full","0.25","348","node-geo-point",68,8,68,30,"point.type !== 'Point'","point.type !== 'Point' || point.coordinates.length !== 2 || point.coordinates[0] !== point.coordinates[1]",12,8,"if/test",83
"codellama-34b-instruct","full","0.5","319","node-geo-point",68,8,68,30,"point.type !== 'Point'","point.type !== 'Point' && point.type !== 'Feature' && point.type !== 'GeometryCollection'",12,11,"if/test",67
"codellama-34b-instruct","full","0.5","319","node-geo-point",89,8,89,81,"!object.hasOwnProperty('latitude') || !object.hasOwnProperty('longitude')","!object.hasOwnProperty('latitude') || !object.hasOwnProperty('longitude') || object.latitude === undefined || object.longitude === undefined",21,20,"if/test",67
"codellama-34b-instruct","full","1.0","347","node-geo-point",219,44,219,49,"point","GeoPoint.calculateDestination(coordinate, point.longitude - coordinate.longitude, point.latitude - coordinate.latitude)",127,126,"call/arg1",114
"codellama-34b-instruct","full","1.0","347","node-geo-point",106,35,106,44,"point2Rad","atan2(point2.longitude - point1.longitude, point2.latitude - point1.latitude)",37,36,"call/arg0",69
"codellama-34b-instruct","full","genericsystemprompt-0.0","384","node-geo-point",68,8,68,30,"point.type !== 'Point'","point.type !== 'Point' || point.coordinates.length !== 2 || point.coordinates[0] !== point.coordinates[1]",12,11,"if/test",83
"codellama-34b-instruct","full","genericsystemprompt-0.0","385","node-geo-point",68,8,68,30,"point.type !== 'Point'","point.type !== 'Point' || point.coordinates.length !== 2 || point.coordinates[0] !== point.coordinates[1]",12,11,"if/test",83
"codellama-34b-instruct","noexplanation","0.0","372","node-geo-point",64,8,64,77,"!point.hasOwnProperty('type') || !point.hasOwnProperty('coordinates')","point.type !== 'Point' || !Array.isArray(point.coordinates) || point.coordinates.length !== 2",7,6,"if/test",68
"codellama-34b-instruct","noexplanation","0.0","374","node-geo-point",64,8,64,77,"!point.hasOwnProperty('type') || !point.hasOwnProperty('coordinates')","point.type !== 'Point' || !Array.isArray(point.coordinates) || point.coordinates.length !== 2",7,6,"if/test",68
"codellama-34b-instruct","noinstructions","0.0","378","node-geo-point",68,8,68,30,"point.type !== 'Point'","point.type !== 'Point' && point.type !== 'MultiPoint' && point.type !== 'LineString'",12,11,"if/test",62
"codellama-34b-instruct","noinstructions","0.0","379","node-geo-point",68,8,68,30,"point.type !== 'Point'","point.type !== 'Point' && point.type !== 'MultiPoint' && point.type !== 'LineString'",12,11,"if/test",62
"codellama-34b-instruct","onemutation","0.0","365","node-geo-point",64,8,64,77,"!point.hasOwnProperty('type') || !point.hasOwnProperty('coordinates')","point.type === 'Point' && point.coordinates.length === 2",7,6,"if/test",51
"codellama-34b-instruct","onemutation","0.0","366","node-geo-point",64,8,64,77,"!point.hasOwnProperty('type') || !point.hasOwnProperty('coordinates')","point.type === 'Point' && point.coordinates.length === 2",7,6,"if/test",51
"mixtral-8x7b-instruct","full","0.0","361","node-geo-point",185,74,185,78,"zoom","Math.log(Math.tan((this.latitude * Math.PI / 180) + 1 / Math.cos((this.latitude * Math.PI / 180)))) / Math.PI",108,107,"call/arg1",107
"mixtral-8x7b-instruct","full","0.0","361","node-geo-point",38,8,38,69,"typeof latitude !== 'number' || typeof longitude !== 'number'","typeof latitude !== 'number' || latitude.toString() === '[object Number]' || typeof longitude !== 'number' || longitude.toString() === '[object Number]'",1,0,"if/test",91
"codellama-13b-instruct","full","0.0","354","node-jsonfile",3,34,3,42,"replacer","replacer = () => { throw new Error('Test error') }",53,52,"call/arg1",42
"codellama-13b-instruct","full","0.0","355","node-jsonfile",3,34,3,42,"replacer","replacer = () => { throw new Error('Test error') }",53,52,"call/arg1",42
"codellama-34b-instruct","basic","0.0","390","node-jsonfile",25,10,25,60,"JSON.parse(data, options ? options.reviver : null)","JSON.parse(data)",13,12,"call/allArgs",34
"codellama-34b-instruct","basic","0.0","391","node-jsonfile",25,10,25,60,"JSON.parse(data, options ? options.reviver : null)","JSON.parse(data)",13,12,"call/allArgs",34
"codellama-34b-instruct","full","0.0","312","node-jsonfile",3,34,3,42,"replacer","replacer = function(key, value) { return value.toUpperCase(); }",53,52,"call/arg1",55
"codellama-34b-instruct","full","0.0","312","node-jsonfile",3,34,3,42,"replacer","replacer = function(key, value) { return value.toLowerCase(); }",53,52,"call/arg1",55
"codellama-34b-instruct","full","0.25","351","node-jsonfile",52,31,52,46,"options.reviver","options.reviver = function(key, value) { throw new Error('Invalid JSON data'); }",26,25,"call/arg1",65
"codellama-34b-instruct","full","0.25","350","node-jsonfile",71,43,71,53,"_writeFile","_writeFile.bind(null, file, obj, options).bind(null, file, obj, options)",41,40,"call/arg0",62
"codellama-34b-instruct","full","0.5","319","node-jsonfile",71,43,71,53,"_writeFile","_writeFile.bind(null, file, obj, options).catch(function (err) {
  err.message = `${file}: ${err.message}`;
  throw err;
})",41,40,"call/arg0",113
"codellama-34b-instruct","full","0.5","318","node-jsonfile",52,31,52,46,"options.reviver","options.reviver = function(key, value) { return value * 2; }",26,25,"call/arg1",45
"codellama-34b-instruct","full","1.0","341","node-jsonfile",3,34,3,42,"replacer","function stringify (obj, { EOL = '\n', finalEOL = true, replacer = null, spaces } = {}) {
  const EOF = finalEOL ? EOL : ''
  const str = JSON.stringify(obj, replacer || function(key, value) {
    if (typeof value === 'string') {
      return value.toUpperCase();
    }
    return value;
  }, spaces)

  return str.replace(/\n/g, EOL) + EOF
}",53,52,"call/arg1",334
"codellama-34b-instruct","full","1.0","347","node-jsonfile",3,34,3,42,"replacer","function brokenReplacer(key, value) {
  if (value == null) {
    throw new Error('Invalid value');
  }
  return value;
}",53,52,"call/arg1",112
"codellama-34b-instruct","full","genericsystemprompt-0.0","384","node-jsonfile",10,6,10,30,"Buffer.isBuffer(content)","content.toString() !== '[object Buffer]'",60,59,"if/test",34
"codellama-34b-instruct","full","genericsystemprompt-0.0","385","node-jsonfile",10,6,10,30,"Buffer.isBuffer(content)","content.toString() !== '[object Buffer]'",60,59,"if/test",34
"codellama-34b-instruct","noexplanation","0.0","372","node-jsonfile",78,26,78,30,"file","file + '.' + options.encoding + '.' + options.reviver + '.' + options.throws",47,46,"call/arg0",72
"codellama-34b-instruct","noexplanation","0.0","372","node-jsonfile",3,34,3,42,"replacer","replacer = function(key, value) { return value.toString(); }",53,52,"call/arg1",52
"codellama-34b-instruct","noinstructions","0.0","378","node-jsonfile",51,23,51,30,"content","content.replace(/^\uFEFF/, '').toLowerCase()",23,22,"call/arg0",37
"codellama-34b-instruct","noinstructions","0.0","379","node-jsonfile",51,23,51,30,"content","content.replace(/^\uFEFF/, '').toLowerCase()",23,22,"call/arg0",37
"codellama-34b-instruct","onemutation","0.0","365","node-jsonfile",10,6,10,30,"Buffer.isBuffer(content)","Buffer.isBuffer(content) && content.length > 0",60,59,"if/test",22
"codellama-34b-instruct","onemutation","0.0","366","node-jsonfile",10,6,10,30,"Buffer.isBuffer(content)","Buffer.isBuffer(content) && content.length > 0",60,59,"if/test",22
"mixtral-8x7b-instruct","full","0.0","361","node-jsonfile",78,32,78,35,"str","fs.writeFileSync(file, str, options).toString()",48,47,"call/arg1",44
"mixtral-8x7b-instruct","full","0.0","364","node-jsonfile",78,32,78,35,"str","fs.writeFileSync(file, str, options).toString()",48,47,"call/arg1",44
"codellama-13b-instruct","full","0.0","354","plural",63,70,63,74,"misc","misc.concat(games, illnesses, misc, misc)",116,115,"call/arg3",37
"codellama-13b-instruct","full","0.0","355","plural",63,70,63,74,"misc","misc.concat(games, illnesses, misc, misc)",116,109,"call/arg3",37
"codellama-34b-instruct","basic","0.0","390","plural",63,0,63,127,"addRule(new RegExp('\\b(?:' + tools.concat(clothes, games, illnesses, misc).join('|') + ')s\\b', 'i'), function(w) { return w})","addRule(/^(?:wo)?man$/i)",109,108,"call/allArgs",111
"codellama-34b-instruct","basic","0.0","391","plural",63,0,63,127,"addRule(new RegExp('\\b(?:' + tools.concat(clothes, games, illnesses, misc).join('|') + ')s\\b', 'i'), function(w) { return w})","addRule(/^(?:wo)?man$/i)",109,108,"call/allArgs",111
"codellama-34b-instruct","full","0.0","312","plural",63,70,63,74,"misc","misc.concat(clothes, games, illnesses, ['kudo', 'premise', 'shamble', 'glasse', 'spectacle', 'jitter', 'alm', 'fece', 'bowel', 'sud', 'entrail', 'electronic', 'outskirt', 'odd', 'tropic', 'riche', 'surrounding', 'thank', 'heroic', 'remain', 'amend'])",116,115,"call/arg3",246
"codellama-34b-instruct","full","0.0","314","plural",63,70,63,74,"misc","misc.concat(clothes, games, illnesses, ['kudo', 'premise', 'shamble', 'glasse', 'spectacle', 'jitter', 'alm', 'fece', 'bowel', 'sud', 'entrail', 'electronic', 'outskirt', 'odd', 'tropic', 'riche', 'surrounding', 'thank', 'heroic', 'remain', 'amend'])",116,115,"call/arg3",246
"codellama-34b-instruct","full","0.25","350","plural",63,70,63,74,"misc","misc.concat(clothes, games, illnesses, ['kudo', 'premise', 'shamble', 'glasse', 'spectacle', 'jitter', 'alm', 'fece', 'bowel', 'sud', 'entrail', 'electronic', 'outskirt', 'odd', 'tropic', 'riche', 'surrounding', 'thank', 'heroic', 'remain', 'amend'])",116,115,"call/arg3",246
"codellama-34b-instruct","full","0.25","348","plural",63,8,63,101,"new RegExp('\\b(?:' + tools.concat(clothes, games, illnesses, misc).join('|') + ')s\\b', 'i')","/\\b(?:goggle|scissor|plier|tong|tweezer|trouser|pant|pantie|clothe|billiard|bowl|card|dart|skittle|draught|kudo|premise|shamble|glasse|spectacle|jitter|alm|fece|bowel|sud|entrail|electronic|outskirt|odd|tropic|riche|surrounding|thank|heroic|remain|amend)s\\b/i",107,106,"call/arg0",228
"codellama-34b-instruct","full","0.5","321","plural",63,8,63,101,"new RegExp('\\b(?:' + tools.concat(clothes, games, illnesses, misc).join('|') + ')s\\b', 'i')","/\\b(?:goggle|scissor|plier|tong|tweezer|trouser|pant|pantie|clothe|billiard|bowl|card|dart|skittle|draught|kudo|premise|shamble|glasse|spectacle|jitter|alm|fece|bowel|sud|entrail|electronic|outskirt|odd|tropic|riche|surrounding|thank|heroic|remain|amend)s\\b/i",107,106,"call/arg0",228
"codellama-34b-instruct","full","0.5","320","plural",83,10,83,56,"type(rule[0]) === 'String' && rule[0] === word","rule[0] === word && rule[0].split('').reverse().join('') === word.split('').reverse().join('')",142,132,"if/test",71
"codellama-34b-instruct","full","1.0","343","plural",63,8,63,101,"new RegExp('\\b(?:' + tools.concat(clothes, games, illnesses, misc).join('|') + ')s\\b', 'i')","/^\b(?:goggle|scissor|plier|tong|tweezer|trouser|pant|pantie|clothe|billiard|bowl|card|dart|skittle|draught|kudo|premise|shamble|glasse|spectacle|jitter|alm|fece|bowel|sud|entrail|electronic|outskirt|odd|tropic|riche|surrounding|thank|heroic|remain|amend|\w+)\b$/i",107,106,"call/arg0",231
"codellama-34b-instruct","full","1.0","345","plural",63,0,63,127,"addRule(new RegExp('\\b(?:' + tools.concat(clothes, games, illnesses, misc).join('|') + ')s\\b', 'i'), function(w) { return w})","addRule(/this/i)",109,108,"call/allArgs",113
"codellama-34b-instruct","full","genericsystemprompt-0.0","384","plural",63,59,63,68,"illnesses","illnesses.filter(function(illness) { return illness !== ""rabie""; })",115,114,"call/arg2",58
"codellama-34b-instruct","full","genericsystemprompt-0.0","385","plural",63,59,63,68,"illnesses","illnesses.filter(function(illness) { return illness !== ""rabie""; })",115,114,"call/arg2",58
"codellama-34b-instruct","noexplanation","0.0","372","plural",63,59,63,68,"illnesses","illnesses.concat(new RegExp('\\b(?:cancer|diabetes|heart disease|stroke)\\b', 'i')).filter(function(word) { return word !== 'heart disease' })",115,114,"call/arg2",133
"codellama-34b-instruct","noexplanation","0.0","374","plural",63,59,63,68,"illnesses","illnesses.concat(new RegExp('\\b(?:cancer|diabetes|heart disease|stroke)\\b', 'i')).filter(function(word) { return word !== 'heart disease' })",115,114,"call/arg2",133
"codellama-34b-instruct","noinstructions","0.0","378","plural",63,70,63,74,"misc","misc.concat(clothes, games, illnesses, ['buggy', 'code', 'fragment'])",116,115,"call/arg3",65
"codellama-34b-instruct","noinstructions","0.0","379","plural",63,70,63,74,"misc","misc.concat(clothes, games, illnesses, ['buggy', 'code', 'fragment'])",116,115,"call/arg3",65
"codellama-34b-instruct","onemutation","0.0","365","plural",63,70,63,74,"misc","misc.concat(clothes, games, illnesses, misc)",116,115,"call/arg3",40
"codellama-34b-instruct","onemutation","0.0","366","plural",63,70,63,74,"misc","misc.concat(clothes, games, illnesses, misc)",116,115,"call/arg3",40
"mixtral-8x7b-instruct","full","0.0","362","plural",63,59,63,68,"illnesses","new RegExp('\\b(?:' + tools.concat(clothes, games, 'headaches', misc).join('|') + ')s\\b', 'i')",115,114,"call/arg2",88
"mixtral-8x7b-instruct","full","0.0","362","plural",63,59,63,68,"illnesses","new RegExp('\\b(?:' + tools.concat(clothes, games, 'headache', misc).join('|') + ')s\\b', 'i')",115,114,"call/arg2",87
"codellama-13b-instruct","full","0.0","354","pull-stream",52,7,52,11,"read","read(null, function (end, data) {
  cbed = true
  if(end = end || abort) {
    loop = false
    if(done) done(end === true ? null : end)
    else if(end && end !== true) {
      console.warn(doneLackingErr)
      throw end
    }
  }
  else if(op && false === op(data) || abort) {
    loop = false
    read(abort || true, done || function () {})
  }
  else if(!loop){
    next()
  }
})",82,81,"if/test",380
"codellama-13b-instruct","full","0.0","355","pull-stream",52,7,52,11,"read","read(null, function (end, data) {
  cbed = true
  if(end = end || abort) {
    loop = false
    if(done) done(end === true ? null : end)
    else if(end && end !== true) {
      console.warn(doneLackingErr)
      throw end
    }
  }
  else if(op && false === op(data) || abort) {
    loop = false
    read(abort || true, done || function () {})
  }
  else if(!loop){
    next()
  }
})",82,81,"if/test",380
"codellama-34b-instruct","basic","0.0","390","pull-stream",34,6,34,47,"read && typeof read.source === 'function'","typeof s === 'function' || s && typeof s === 'object'",45,44,"if/test",41
"codellama-34b-instruct","basic","0.0","391","pull-stream",34,6,34,47,"read && typeof read.source === 'function'","typeof s === 'function' || s && typeof s === 'object'",45,44,"if/test",41
"codellama-34b-instruct","full","0.0","312","pull-stream",14,13,14,21,"throughs","throughs.filter(function(through) { return through.name === 'through'; })",5,4,"for-in/right",65
"codellama-34b-instruct","full","0.0","314","pull-stream",14,13,14,21,"throughs","throughs.filter(function(through) { return through.name === 'through'; })",5,4,"for-in/right",65
"codellama-34b-instruct","full","0.25","348","pull-stream",52,7,52,11,"read","read(null, function (end, data) {
  if (end === true) {
    cb(end);
  } else {
    cb(null, data);
  }
})",82,81,"if/test",102
"codellama-34b-instruct","full","0.25","348","pull-stream",14,13,14,21,"throughs","throughs.reduce(function(acc, through) { return acc + (through.isBuggy ? 1 : 0); }, 0)",5,4,"for-in/right",78
"codellama-34b-instruct","full","0.5","318","pull-stream",14,13,14,21,"throughs","throughs.reduce(function(acc, through) { return acc.concat(through.buggy); }, [])",5,4,"for-in/right",73
"codellama-34b-instruct","full","0.5","320","pull-stream",11,13,11,20,"sources","sources.reduce(function(acc, source) { return acc + source.count }, 0)",2,1,"for-in/right",63
"codellama-34b-instruct","full","1.0","341","pull-stream",8,13,8,16,"map","map(data, function (err, data) {
    busy = false
    if(aborted) {
        cb(aborted)
        abortCb && abortCb(aborted)
    }
    else if(err) next (err, cb)
    else cb(null, data)
})",192,191,"call/arg0",185
"codellama-34b-instruct","full","1.0","345","pull-stream",16,14,16,19,"_read","_read(null, function (err, data) {
  if (err) {
    read(true, cb(err))
  }
  else cb(null, data)
})",252,251,"if/test",95
"codellama-34b-instruct","full","genericsystemprompt-0.0","384","pull-stream",14,13,14,21,"throughs","throughs.reduce(function(acc, through) { return acc + through.length; }, 0)",5,4,"for-in/right",67
"codellama-34b-instruct","full","genericsystemprompt-0.0","385","pull-stream",14,13,14,21,"throughs","throughs.reduce(function(acc, through) { return acc + through.length; }, 0)",5,4,"for-in/right",67
"codellama-34b-instruct","noexplanation","0.0","372","pull-stream",14,13,14,21,"throughs","throughs.reduce(function(acc, through) { return acc + through.length; }, 0)",5,4,"for-in/right",67
"codellama-34b-instruct","noexplanation","0.0","374","pull-stream",14,13,14,21,"throughs","throughs.reduce(function(acc, through) { return acc + through.length; }, 0)",5,4,"for-in/right",67
"codellama-34b-instruct","noinstructions","0.0","378","pull-stream",8,13,8,16,"map","map(data, function (err, data) {
  busy = false
  if(aborted) {
    cb(aborted)
    abortCb && abortCb(aborted)
  }
  else if(err) next (err, cb)
  else cb(null, data)
})",192,191,"call/arg0",167
"codellama-34b-instruct","noinstructions","0.0","379","pull-stream",8,13,8,16,"map","map(data, function (err, data) {
  busy = false
  if(aborted) {
    cb(aborted)
    abortCb && abortCb(aborted)
  }
  else if(err) next (err, cb)
  else cb(null, data)
})",192,191,"call/arg0",167
"codellama-34b-instruct","onemutation","0.0","365","pull-stream",52,7,52,11,"read","read(abort, cb || function () {})",82,81,"if/test",29
"codellama-34b-instruct","onemutation","0.0","366","pull-stream",52,7,52,11,"read","read(abort, cb || function () {})",82,81,"if/test",29
"mixtral-8x7b-instruct","full","0.0","360","pull-stream",14,7,14,12,"abort","read(null, function (end, data) {
  if (end === true) {
    loop = false
    if (done) done()
    else console.warn(doneLackingErr)
  }
})",59,58,"if/test",135
"mixtral-8x7b-instruct","full","0.0","360","pull-stream",14,7,14,12,"abort","read(null, function (end, data) {
  if (end) {
    loop = false
    if (done) done(end)
    else console.warn(doneLackingErr)
  }
})",59,58,"if/test",129
"codellama-13b-instruct","full","0.0","354","q",1098,48,1098,55,"promise","promise.then(function (value) {
    return value.then(function (value) {
        return value.then(function (value) {
            return value;
        });
    });
})",458,457,"call/arg1",159
"codellama-13b-instruct","full","0.0","355","q",1098,48,1098,55,"promise","promise.then(function (value) {
    return value.then(function (value) {
        return value.then(function (value) {
            return value;
        });
    });
})",458,457,"call/arg1",159
"codellama-34b-instruct","basic","0.0","390","q",1685,39,1685,43,"noop","function (err) {
    pendingCount--;
    if (pendingCount === 0) {
        var rejection = err || new Error("""" + err);

        rejection.message = (""Q can't get fulfillment value from any promise, all "" +
            ""promises were rejected. Last error message: "" + rejection.message);

        deferred.reject(rejection);
    }
}",767,766,"call/arg2",327
"codellama-34b-instruct","basic","0.0","391","q",1685,39,1685,43,"noop","function (err) {
    pendingCount--;
    if (pendingCount === 0) {
        var rejection = err || new Error("""" + err);

        rejection.message = (""Q can't get fulfillment value from any promise, all "" +
            ""promises were rejected. Last error message: "" + rejection.message);

        deferred.reject(rejection);
    }
}",767,766,"call/arg2",327
"codellama-34b-instruct","full","0.0","312","q",1772,32,1772,40,"callback","callback.fcall().then(function () {
    return Q.reject(new Error(""Test error""));
})",806,805,"call/arg0",76
"codellama-34b-instruct","full","0.0","314","q",1772,32,1772,40,"callback","callback.fcall().then(function () {
    return Q.reject(new Error(""Test error""));
})",806,805,"call/arg0",76
"codellama-34b-instruct","full","0.25","353","q",1617,15,1617,19,"this","this.then(function (promises) {
    return all(array_map(promises, function (promise) {
        promise = Q(promise);
        function regardless() {
            return promise.inspect();
        }
    }));
})",736,735,"call/arg0",205
"codellama-34b-instruct","full","0.25","351","q",1734,34,1734,42,"rejected","rejected.then(function() { throw new Error(""rejected""); }, function() { throw new Error(""rejected""); }, function() { throw new Error(""rejected""); })",785,784,"call/arg1",140
"codellama-34b-instruct","full","0.5","318","q",1959,17,1959,21,"this","function (err, value) {
    if (err) {
        nodeback(err);
    } else {
        nodeback(null, value);
    }
}",930,929,"call/arg0",110
"codellama-34b-instruct","full","0.5","318","q",1959,17,1959,21,"this","function (err, value) {
    if (err) {
        nodeback(err);
    } else {
        nodeback(value);
    }
}",930,929,"call/arg0",104
"codellama-34b-instruct","full","1.0","345","q",507,22,507,27,"value","function () {
    if (typeof console !== ""undefined"" &&
        typeof console.warn === ""function"") {
        console.warn(name + "" is deprecated, use "" + alternative +
                     "" instead."", new Error("""").stack.replace(/^.*\n/, """"));
    }
    return callback.apply(callback, arguments);
}",217,216,"call/arg0",296
"codellama-34b-instruct","full","1.0","345","q",507,22,507,27,"value","function () {
    if (typeof console !== ""undefined"" &&
        typeof console.warn === ""function"") {
        console.warn(name + "" is deprecated, use "" + alternative +
                     "" instead."", new Error("""").stack.split(""\n"")[1]);
    }
    return callback.apply(callback, arguments);
}",217,216,"call/arg0",290
"codellama-34b-instruct","full","genericsystemprompt-0.0","384","q",1641,13,1641,20,"promise","promise.then(onFulfilled, onRejected).then(onFulfilled, onRejected).then(onFulfilled, onRejected)",743,742,"call/arg0",90
"codellama-34b-instruct","full","genericsystemprompt-0.0","385","q",1641,13,1641,20,"promise","promise.then(onFulfilled, onRejected).then(onFulfilled, onRejected).then(onFulfilled, onRejected)",743,742,"call/arg0",90
"codellama-34b-instruct","noexplanation","0.0","372","q",1610,29,1610,37,"promises","promises.filter(function(promise) { return promise.inspect().state === ""fulfilled""; })",734,733,"call/arg0",78
"codellama-34b-instruct","noexplanation","0.0","374","q",1610,29,1610,37,"promises","promises.filter(function(promise) { return promise.inspect().state === ""fulfilled""; })",734,733,"call/arg0",78
"codellama-34b-instruct","noinstructions","0.0","378","q",1641,13,1641,20,"promise","promise.then(onFulfilled, onRejected).then(onFulfilled, onRejected).then(onFulfilled, onRejected)",743,742,"call/arg0",90
"codellama-34b-instruct","noinstructions","0.0","379","q",1641,13,1641,20,"promise","promise.then(onFulfilled, onRejected).then(onFulfilled, onRejected).then(onFulfilled, onRejected)",743,742,"call/arg0",90
"codellama-34b-instruct","onemutation","0.0","365","q",1617,15,1617,19,"this","this.then(function (promises) {
    return all(array_map(promises, function (promise) {
        promise = Q(promise);
        function regardless() {
            return promise.inspect();
        }
        return promise.then(regardless, regardless);
    }));
})",736,735,"call/arg0",258
"codellama-34b-instruct","onemutation","0.0","366","q",1617,15,1617,19,"this","this.then(function (promises) {
    return all(array_map(promises, function (promise) {
        promise = Q(promise);
        function regardless() {
            return promise.inspect();
        }
        return promise.then(regardless, regardless);
    }));
})",736,735,"call/arg0",258
"mixtral-8x7b-instruct","full","0.0","361","q",1680,39,1680,52,"""allResolved""","function allResolved(promises) {
    return Q(promises).all().then(function(results) {
        return Q.resolve(results.map(function(result) {
            return { state: result.state, value: result.value };
        }));
    });
}",757,756,"call/arg1",219
"mixtral-8x7b-instruct","full","0.0","362","q",1680,39,1680,52,"""allResolved""","function allResolved(promises) {
    return Q(promises).all().then(function(results) {
        return Q.resolve(results.map(function(result) {
            return { state: result.state, value: result.value };
        }));
    });
}",757,756,"call/arg1",219
"codellama-13b-instruct","full","0.0","354","spacl-core",21,8,23,65,"spec.match(version === '1' || version === '1.0'
      ? /[*+][^/]|[^/][*+]/
      : /\*[^*/]|\+[^+/]|[^/*]\*|[^/+]\+|\*\*\*|\+\+\+/) !== null","spec.match(/[*+][^/]|[^/][*+]/) !== null",10,9,"if/test",101
"codellama-13b-instruct","full","0.0","354","spacl-core",21,8,23,65,"spec.match(version === '1' || version === '1.0'
      ? /[*+][^/]|[^/][*+]/
      : /\*[^*/]|\+[^+/]|[^/*]\*|[^/+]\+|\*\*\*|\+\+\+/) !== null","spec.match(/[*+][^/]|[^/][*+]/g) !== null",10,9,"if/test",101
"codellama-34b-instruct","basic","0.0","390","spacl-core",50,8,50,53,"this.matches(path, ctx) && verb in this.verbs","this.regex.test(path)",117,116,"if/test",35
"codellama-34b-instruct","basic","0.0","391","spacl-core",50,8,50,53,"this.matches(path, ctx) && verb in this.verbs","this.regex.test(path)",117,116,"if/test",35
"codellama-34b-instruct","full","0.0","312","spacl-core",29,8,29,37,"spec.match(/^.+\/$/) !== null","spec.match(/^.+\/$/) !== null && spec.match(/^.+\/$/) !== undefined && spec.match(/^.+\/$/) !== ''",14,13,"if/test",69
"codellama-34b-instruct","full","0.0","314","spacl-core",29,8,29,37,"spec.match(/^.+\/$/) !== null","spec.match(/^.+\/$/) !== null && spec.match(/^.+\/$/) !== undefined && spec.match(/^.+\/$/) !== ''",14,13,"if/test",69
"codellama-34b-instruct","full","0.25","353","spacl-core",32,37,32,41,"spec","spec.split('/').slice(1).reverse().map(segment => segment.toUpperCase()).join('/')",18,17,"call/arg0",78
"codellama-34b-instruct","full","0.25","351","spacl-core",29,8,29,37,"spec.match(/^.+\/$/) !== null","spec.match(/^.+\/$/) !== null && spec.match(/^.+\/$/) !== undefined && spec.match(/^.+\/$/) !== false",14,13,"if/test",72
"codellama-34b-instruct","full","0.5","321","spacl-core",21,8,23,65,"spec.match(version === '1' || version === '1.0'
      ? /[*+][^/]|[^/][*+]/
      : /\*[^*/]|\+[^+/]|[^/*]\*|[^/+]\+|\*\*\*|\+\+\+/) !== null","version !== '1' && version !== '1.0'",10,9,"if/test",109
"codellama-34b-instruct","full","0.5","322","spacl-core",15,8,15,34,"spec.match(/^\//) === null","spec.match(version === '1' || version === '1.0' ? /[*+][^/]|[^/][*+]/ : /\*[^*/]|\+[^+/]|[^/*]\*|[^/+]\+|\*\*\*|\+\+\+/) !== null",4,3,"if/test",104
"codellama-34b-instruct","full","1.0","347","spacl-core",21,8,23,65,"spec.match(version === '1' || version === '1.0'
      ? /[*+][^/]|[^/][*+]/
      : /\*[^*/]|\+[^+/]|[^/*]\*|[^/+]\+|\*\*\*|\+\+\+/) !== null","props.length > 0",10,9,"if/test",134
"codellama-34b-instruct","full","1.0","347","spacl-core",21,8,23,65,"spec.match(version === '1' || version === '1.0'
      ? /[*+][^/]|[^/][*+]/
      : /\*[^*/]|\+[^+/]|[^/*]\*|[^/+]\+|\*\*\*|\+\+\+/) !== null","parts.length > 0",10,9,"if/test",134
"codellama-34b-instruct","full","genericsystemprompt-0.0","384","spacl-core",29,8,29,37,"spec.match(/^.+\/$/) !== null","spec.match(/^.+\/$/) !== null && spec.match(/^.+\/$/) !== undefined && spec.match(/^.+\/$/) !== ''",14,13,"if/test",69
"codellama-34b-instruct","full","genericsystemprompt-0.0","385","spacl-core",29,8,29,37,"spec.match(/^.+\/$/) !== null","spec.match(/^.+\/$/) !== null && spec.match(/^.+\/$/) !== undefined && spec.match(/^.+\/$/) !== ''",14,13,"if/test",69
"codellama-34b-instruct","noexplanation","0.0","372","spacl-core",29,8,29,37,"spec.match(/^.+\/$/) !== null","spec.match(/^.+\/$/) !== null && spec.match(/^.+\/$/) !== spec && spec.match(/^.+\/$/) !== spec.match(/^.+\/$/)",14,13,"if/test",82
"codellama-34b-instruct","noexplanation","0.0","374","spacl-core",29,8,29,37,"spec.match(/^.+\/$/) !== null","spec.match(/^.+\/$/) !== null && spec.match(/^.+\/$/) !== spec && spec.match(/^.+\/$/) !== spec.match(/^.+\/$/)",14,13,"if/test",82
"codellama-34b-instruct","noinstructions","0.0","378","spacl-core",29,8,29,37,"spec.match(/^.+\/$/) !== null","spec.match(/^.+\/$/) !== null && spec.match(/^.+\/$/) !== undefined && spec.match(/^.+\/$/) !== ''",14,13,"if/test",69
"codellama-34b-instruct","noinstructions","0.0","379","spacl-core",29,8,29,37,"spec.match(/^.+\/$/) !== null","spec.match(/^.+\/$/) !== null && spec.match(/^.+\/$/) !== undefined && spec.match(/^.+\/$/) !== ''",14,13,"if/test",69
"codellama-34b-instruct","onemutation","0.0","365","spacl-core",32,37,32,41,"spec","spec.replace(/[*+][^/]|[^/][*+]/, '')",18,17,"call/arg0",33
"codellama-34b-instruct","onemutation","0.0","366","spacl-core",32,37,32,41,"spec","spec.replace(/[*+][^/]|[^/][*+]/, '')",18,17,"call/arg0",33
"mixtral-8x7b-instruct","full","0.0","361","spacl-core",83,23,83,33,"this.verbs","Object.keys(this.verbs).reduce((obj, key) => {
  obj[key] = this.verbs[key];
  return obj;
}, {})",133,132,"for-in/right",87
"mixtral-8x7b-instruct","full","0.0","363","spacl-core",83,23,83,33,"this.verbs","Object.keys(this.verbs).reduce((obj, key) => {
  obj[key] = this.verbs[key];
  return obj;
}, {})",133,132,"for-in/right",87
"codellama-13b-instruct","full","0.0","354","zip-a-folder",122,26,122,68,"fs.promises.access(src, fs.constants.R_OK)","fs.promises.access(src, fs.constants.R_OK | fs.constants.W_OK | fs.constants.X_OK)",15,14,"call/allArgs",40
"codellama-13b-instruct","full","0.0","355","zip-a-folder",122,26,122,68,"fs.promises.access(src, fs.constants.R_OK)","fs.promises.access(src, fs.constants.R_OK | fs.constants.W_OK | fs.constants.X_OK)",15,14,"call/allArgs",40
"codellama-34b-instruct","basic","0.0","390","zip-a-folder",41,38,41,106,"{src, targetFilePath: tarFilePath, format: 'tar', zipAFolderOptions}","{
    src,
    targetFilePath: tarFilePath,
    format: 'tar',
    zipAFolderOptions,
    archiverOptions: {
        gzip: true,
        gzipOptions: {
            level: o.compression,
        },
    },
}",3,2,"call/arg0",137
"codellama-34b-instruct","basic","0.0","391","zip-a-folder",41,38,41,106,"{src, targetFilePath: tarFilePath, format: 'tar', zipAFolderOptions}","{
    src,
    targetFilePath: tarFilePath,
    format: 'tar',
    zipAFolderOptions,
    archiverOptions: {
        gzip: true,
        gzipOptions: {
            level: o.compression,
        },
    },
}",3,2,"call/arg0",137
"codellama-34b-instruct","full","0.0","312","zip-a-folder",41,38,41,106,"{src, targetFilePath: tarFilePath, format: 'tar', zipAFolderOptions}","{src, targetFilePath: tarFilePath, format: 'tar', zipAFolderOptions: {compression: COMPRESSION_LEVEL.uncompressed}}",3,2,"call/arg0",47
"codellama-34b-instruct","full","0.0","314","zip-a-folder",41,38,41,106,"{src, targetFilePath: tarFilePath, format: 'tar', zipAFolderOptions}","{src, targetFilePath: tarFilePath, format: 'tar', zipAFolderOptions: {compression: COMPRESSION_LEVEL.uncompressed}}",3,2,"call/arg0",47
"codellama-34b-instruct","full","0.25","352","zip-a-folder",41,38,41,106,"{src, targetFilePath: tarFilePath, format: 'tar', zipAFolderOptions}","{src, targetFilePath: tarFilePath, format: 'tar', zipAFolderOptions: {customWriteStream: fs.createWriteStream(targetFilePath)}}",3,2,"call/arg0",59
"codellama-34b-instruct","full","0.25","353","zip-a-folder",121,28,121,31,"src","src.split(',').filter((part) => part.includes('*'))",11,10,"call/arg0",48
"codellama-34b-instruct","full","0.5","318","zip-a-folder",41,38,41,106,"{src, targetFilePath: tarFilePath, format: 'tar', zipAFolderOptions}","{src, targetFilePath: tarFilePath, format: 'tar', zipAFolderOptions: { compression: COMPRESSION_LEVEL.uncompressed }}",3,2,"call/arg0",49
"codellama-34b-instruct","full","0.5","319","zip-a-folder",41,38,41,106,"{src, targetFilePath: tarFilePath, format: 'tar', zipAFolderOptions}","{src, targetFilePath: tarFilePath, format: 'tar', zipAFolderOptions: {compression: COMPRESSION_LEVEL.uncompressed}}",3,2,"call/arg0",47
"codellama-34b-instruct","full","1.0","342","zip-a-folder",40,12,40,60,"o.compression === COMPRESSION_LEVEL.uncompressed","o.compression === COMPRESSION_LEVEL.uncompressed && o.compression !== COMPRESSION_LEVEL.uncompressed",1,0,"if/test",52
"codellama-34b-instruct","full","1.0","347","zip-a-folder",141,28,141,34,"output","zipArchive.pipe(fs.createWriteStream('/dev/null'))",36,35,"call/arg0",48
"codellama-34b-instruct","full","genericsystemprompt-0.0","384","zip-a-folder",41,38,41,106,"{src, targetFilePath: tarFilePath, format: 'tar', zipAFolderOptions}","{src, targetFilePath: tarFilePath, format: 'tar', zipAFolderOptions: {compression: COMPRESSION_LEVEL.uncompressed}}",3,2,"call/arg0",47
"codellama-34b-instruct","full","genericsystemprompt-0.0","385","zip-a-folder",41,38,41,106,"{src, targetFilePath: tarFilePath, format: 'tar', zipAFolderOptions}","{src, targetFilePath: tarFilePath, format: 'tar', zipAFolderOptions: {compression: COMPRESSION_LEVEL.uncompressed}}",3,2,"call/arg0",47
"codellama-34b-instruct","noexplanation","0.0","372","zip-a-folder",139,31,139,37,"reject","output.emit('error', new Error('Something went wrong'))",33,32,"call/arg1",51
"codellama-34b-instruct","noexplanation","0.0","374","zip-a-folder",139,31,139,37,"reject","output.emit('error', new Error('Something went wrong'))",33,32,"call/arg1",51
"codellama-34b-instruct","noinstructions","0.0","378","zip-a-folder",41,38,41,106,"{src, targetFilePath: tarFilePath, format: 'tar', zipAFolderOptions}","{src, targetFilePath: tarFilePath, format: 'tar', zipAFolderOptions: {compression: COMPRESSION_LEVEL.uncompressed}}",3,2,"call/arg0",47
"codellama-34b-instruct","noinstructions","0.0","379","zip-a-folder",41,38,41,106,"{src, targetFilePath: tarFilePath, format: 'tar', zipAFolderOptions}","{src, targetFilePath: tarFilePath, format: 'tar', zipAFolderOptions: {compression: COMPRESSION_LEVEL.uncompressed}}",3,2,"call/arg0",47
"codellama-34b-instruct","onemutation","0.0","365","zip-a-folder",129,19,129,75,"zipAFolderOptions && zipAFolderOptions.customWriteStream","zipAFolderOptions?.customWriteStream",22,21,"if/test",21
"codellama-34b-instruct","onemutation","0.0","366","zip-a-folder",129,19,129,75,"zipAFolderOptions && zipAFolderOptions.customWriteStream","zipAFolderOptions?.customWriteStream",22,21,"if/test",21
"mixtral-8x7b-instruct","full","0.0","361","zip-a-folder",143,16,143,27,"isGlob(src)","typeof src === 'string' && src.includes('*')",37,36,"if/test",39
"mixtral-8x7b-instruct","full","0.0","362","zip-a-folder",143,16,143,27,"isGlob(src)","typeof src === 'string' && src.includes('*')",37,36,"if/test",39
