project,file,id,line,column,temperature,original,replacement,coding
Complex.js,complex.js,35,58,23,mutation-testing-data/codellama-34b-instruct/template-full-1.0/run341,x,-x,Behavioral Change
Complex.js,complex.js,41,93,22,mutation-testing-data/codellama-34b-instruct/template-full-1.0/run341,x,-x,Trivially Equivalent
Complex.js,complex.js,65,122,23,mutation-testing-data/codellama-34b-instruct/template-full-1.0/run341,a,a + b,Behavioral Change
Complex.js,complex.js,66,122,23,mutation-testing-data/codellama-34b-instruct/template-full-1.0/run341,a,a - b,Behavioral Change
Complex.js,complex.js,82,123,14,mutation-testing-data/codellama-34b-instruct/template-full-0.25/run348,Math.abs,Math.floor,Behavioral Change
Complex.js,complex.js,83,123,14,mutation-testing-data/codellama-34b-instruct/template-full-0.25/run348,Math.abs,Math.ceil,Behavioral Change
Complex.js,complex.js,84,123,14,mutation-testing-data/codellama-34b-instruct/template-full-0.25/run348,Math.abs,Math.round,Behavioral Change
Complex.js,complex.js,86,123,23,mutation-testing-data/codellama-34b-instruct/template-full-0.5/run318,b,a + b,Behavioral Change
Complex.js,complex.js,71,123,23,mutation-testing-data/codellama-34b-instruct/template-full-1.0/run341,b,-b,Trivially Equivalent
Complex.js,complex.js,79,129,9,mutation-testing-data/codellama-34b-instruct/template-full-1.0/run341,b === 0,b == 0,Trivially Equivalent
Complex.js,complex.js,80,129,9,mutation-testing-data/codellama-34b-instruct/template-full-1.0/run341,b === 0,!b,Trivially Equivalent
Complex.js,complex.js,88,133,9,mutation-testing-data/codellama-34b-instruct/template-full-1.0/run341,_a < 3000 && _b < 3000,_a < 2999 && _b < 2999,Unknown
Complex.js,complex.js,90,133,9,mutation-testing-data/codellama-34b-instruct/template-full-1.0/run341,_a < 3000 && _b < 3000,"Math.max(_a, _b) < 3000",Trivially Equivalent
Complex.js,complex.js,112,172,27,mutation-testing-data/codellama-34b-instruct/template-full-0.5/run318,a * a + b * b,a + b * b,Behavioral Change
Complex.js,complex.js,102,172,27,mutation-testing-data/codellama-34b-instruct/template-full-1.0/run341,a * a + b * b,b * b + a * a,Trivially Equivalent
Complex.js,complex.js,129,190,15,mutation-testing-data/codellama-34b-instruct/template-full-0.25/run348,'im' in a && 're' in a,'im' in a || 're' in a,Unknown
Complex.js,complex.js,124,190,15,mutation-testing-data/codellama-34b-instruct/template-full-0.5/run318,'im' in a && 're' in a,a.hasOwnProperty('im') && a.hasOwnProperty('re'),Near Equivalent
Complex.js,complex.js,125,190,15,mutation-testing-data/codellama-34b-instruct/template-full-0.5/run318,'im' in a && 're' in a,"Object.prototype.hasOwnProperty.call(a, 'im') && Object.prototype.hasOwnProperty.call(a, 're')",Near Equivalent
Complex.js,complex.js,113,190,15,mutation-testing-data/codellama-34b-instruct/template-full-1.0/run341,'im' in a && 're' in a,'im' in a,Unknown
Complex.js,complex.js,115,193,22,mutation-testing-data/codellama-34b-instruct/template-full-1.0/run341,'abs' in a && 'arg' in a,'abs' in a || 'arg' in a,Behavioral Change
Complex.js,complex.js,117,193,22,mutation-testing-data/codellama-34b-instruct/template-full-1.0/run341,'abs' in a && 'arg' in a,'abs' in a || 'arg' in a && 're' in a,Unknown
Complex.js,complex.js,135,194,17,mutation-testing-data/codellama-34b-instruct/template-full-0.25/run348,!Number.isFinite(a['abs']) && Number.isFinite(a['arg']),a['abs'] === Infinity && Number.isFinite(a['arg']),Near Equivalent
Complex.js,complex.js,139,194,18,mutation-testing-data/codellama-34b-instruct/template-full-0.25/run348,Number.isFinite,Number.isInteger,Unknown
Complex.js,complex.js,149,199,22,mutation-testing-data/codellama-34b-instruct/template-full-0.5/run318,'r' in a && 'phi' in a,'r' in a || 'phi' in a,Unknown
Complex.js,complex.js,159,200,61,mutation-testing-data/codellama-34b-instruct/template-full-0.5/run318,a['phi'],a['phi'] + 1,Trivially Equivalent
Complex.js,complex.js,160,200,61,mutation-testing-data/codellama-34b-instruct/template-full-0.5/run318,a['phi'],a['phi'] * 2,Trivially Equivalent
Complex.js,complex.js,147,200,61,mutation-testing-data/codellama-34b-instruct/template-full-1.0/run341,a['phi'],a['phi'] + 1,Trivially Equivalent
Complex.js,complex.js,175,205,22,mutation-testing-data/codellama-34b-instruct/template-full-0.5/run318,a.length === 2,a.length % 2 === 0,Unknown
Complex.js,complex.js,160,205,22,mutation-testing-data/codellama-34b-instruct/template-full-1.0/run341,a.length === 2,a.length >= 2,Unknown
Complex.js,complex.js,159,205,22,mutation-testing-data/codellama-34b-instruct/template-full-1.0/run341,a.length === 2,a.length <= 2,Unknown
Complex.js,complex.js,187,226,27,mutation-testing-data/codellama-34b-instruct/template-full-0.5/run318,i < tokens.length,i != tokens.length,Trivially Equivalent
Complex.js,complex.js,175,226,27,mutation-testing-data/codellama-34b-instruct/template-full-1.0/run341,i < tokens.length,i != tokens.length,Trivially Equivalent
Complex.js,complex.js,188,226,46,mutation-testing-data/codellama-34b-instruct/template-full-0.5/run318,i++,i = i + 1,Trivially Equivalent
Complex.js,complex.js,189,226,46,mutation-testing-data/codellama-34b-instruct/template-full-0.5/run318,i++,i += 1,Trivially Equivalent
Complex.js,complex.js,190,226,46,mutation-testing-data/codellama-34b-instruct/template-full-0.5/run318,i++,i++ + 1,Unknown
Complex.js,complex.js,214,236,24,mutation-testing-data/codellama-34b-instruct/template-full-0.25/run348,c === 'i' || c === 'I',c === 'i' || c === 'j',Behavioral Change
Complex.js,complex.js,200,236,24,mutation-testing-data/codellama-34b-instruct/template-full-0.5/run318,c === 'i' || c === 'I',c == 'i' || c == 'I',Trivially Equivalent
Complex.js,complex.js,201,236,24,mutation-testing-data/codellama-34b-instruct/template-full-0.5/run318,c === 'i' || c === 'I',c === 'i' || c === 'I' || c === 'j' || c === 'J',Behavioral Change
Complex.js,complex.js,185,236,24,mutation-testing-data/codellama-34b-instruct/template-full-1.0/run341,c === 'i' || c === 'I',c == '\x69' || c == '\x49',Trivially Equivalent
Complex.js,complex.js,186,236,24,mutation-testing-data/codellama-34b-instruct/template-full-1.0/run341,c === 'i' || c === 'I',c === '\x69' || c === '\x49',Trivially Equivalent
Complex.js,complex.js,216,243,39,mutation-testing-data/codellama-34b-instruct/template-full-0.5/run318,(minus % 2 ? '-' : '') + tokens[i + 1],(minus % 2 ? '-' : '') + ('0' + tokens[i + 1]),Trivially Equivalent
Complex.js,complex.js,215,243,39,mutation-testing-data/codellama-34b-instruct/template-full-0.5/run318,(minus % 2 ? '-' : '') + tokens[i + 1],(minus % 2 ? '-' : '') + (tokens[i + 1] || '0'),Unknown
Complex.js,complex.js,199,243,39,mutation-testing-data/codellama-34b-instruct/template-full-1.0/run341,(minus % 2 ? '-' : '') + tokens[i + 1],(minus % 3 ? '-' : '') + tokens[i + 1],Behavioral Change
Complex.js,complex.js,233,246,28,mutation-testing-data/codellama-34b-instruct/template-full-0.25/run348,parseFloat,parseInt,Unknown
Complex.js,complex.js,235,246,28,mutation-testing-data/codellama-34b-instruct/template-full-0.25/run348,parseFloat,Math.floor,Behavioral Change
Complex.js,complex.js,234,246,28,mutation-testing-data/codellama-34b-instruct/template-full-0.25/run348,parseFloat,Number,Unknown
Complex.js,complex.js,219,257,39,mutation-testing-data/codellama-34b-instruct/template-full-1.0/run341,(minus % 2 ? '-' : '') + c,(minus % 3 ? '-' : '') + c,Behavioral Change
Complex.js,complex.js,319,392,11,mutation-testing-data/codellama-34b-instruct/template-full-0.5/run318,z['im'] === 0 && this['im'] === 0,z['im'] === 0 && this['im'] === 0 && this['re'] === 0,Unknown
Complex.js,complex.js,291,392,11,mutation-testing-data/codellama-34b-instruct/template-full-1.0/run341,z['im'] === 0 && this['im'] === 0,z['im'] === 2 && this['re'] === 0,Behavioral Change
Complex.js,complex.js,292,392,11,mutation-testing-data/codellama-34b-instruct/template-full-1.0/run341,z['im'] === 0 && this['im'] === 0,this['im'] === 0 && z['re'] === 0,Behavioral Change
Complex.js,complex.js,320,411,11,mutation-testing-data/codellama-34b-instruct/template-full-0.5/run318,(this['isZero']() && z['isZero']()) || (this['isInfinite']() && z['isInfinite']()),this['isZero'](z) && z['isZero'](z) || this['isInfinite'](z) && z['isInfinite'](z),Trivially Equivalent
Complex.js,complex.js,321,411,11,mutation-testing-data/codellama-34b-instruct/template-full-0.5/run318,(this['isZero']() && z['isZero']()) || (this['isInfinite']() && z['isInfinite']()),this['isZero'](a) && z['isZero'](a) || this['isInfinite'](a) && z['isInfinite'](a),Trivially Equivalent
Complex.js,complex.js,353,416,11,mutation-testing-data/codellama-34b-instruct/template-full-0.25/run348,this['isInfinite'],this['isNaN'],Behavioral Change
Complex.js,complex.js,330,416,11,mutation-testing-data/codellama-34b-instruct/template-full-0.5/run318,this['isInfinite']() || z['isZero'](),this['isInfinite']() && z['isZero'](),Behavioral Change
Complex.js,complex.js,305,416,11,mutation-testing-data/codellama-34b-instruct/template-full-1.0/run341,this['isInfinite']() || z['isZero'](),this['isInfinite']() || z['isZero']() && a !== 0 && b !== 0,Unknown
Complex.js,complex.js,319,432,11,mutation-testing-data/codellama-34b-instruct/template-full-1.0/run341,0 === d,d == 0,Near Equivalent
Complex.js,complex.js,361,421,31,mutation-testing-data/codellama-34b-instruct/template-full-0.25/run348,z['isInfinite'],z['isNaN'],Behavioral Change
Complex.js,complex.js,379,480,20,mutation-testing-data/codellama-34b-instruct/template-full-0.5/run318,a === 0,a + 1 === 0,Behavioral Change
Complex.js,complex.js,355,480,20,mutation-testing-data/codellama-34b-instruct/template-full-1.0/run341,a === 0,Math.abs(a) < 0,Behavioral Change
Complex.js,complex.js,383,488,44,mutation-testing-data/codellama-34b-instruct/template-full-1.0/run341,b,Math.abs(b),Behavioral Change
Complex.js,complex.js,425,490,47,mutation-testing-data/codellama-34b-instruct/template-full-0.5/run318,b,a + 1,Behavioral Change
Complex.js,complex.js,485,544,40,mutation-testing-data/codellama-34b-instruct/template-full-0.5/run318,a,a - b,Trivially Equivalent
Complex.js,complex.js,447,547,30,mutation-testing-data/codellama-34b-instruct/template-full-1.0/run341,2.0 * (r + a),(r + a) * 2.0,Trivially Equivalent
Complex.js,complex.js,618,638,37,mutation-testing-data/codellama-34b-instruct/template-full-0.25/run348,this['re'],this.re,Trivially Equivalent
Complex.js,complex.js,630,656,18,mutation-testing-data/codellama-34b-instruct/template-full-0.5/run318,a,-a,Behavioral Change
Complex.js,complex.js,563,673,18,mutation-testing-data/codellama-34b-instruct/template-full-1.0/run341,a,-a,Behavioral Change
Complex.js,complex.js,648,673,28,mutation-testing-data/codellama-34b-instruct/template-full-0.5/run318,b,-b,Behavioral Change
Complex.js,complex.js,569,673,28,mutation-testing-data/codellama-34b-instruct/template-full-1.0/run341,b,-b,Behavioral Change
Complex.js,complex.js,668,691,29,mutation-testing-data/codellama-34b-instruct/template-full-0.5/run318,cosh,Math.cosh,Trivially Equivalent
Complex.js,complex.js,681,695,9,mutation-testing-data/codellama-34b-instruct/template-full-0.5/run318,sinh,Math.sinh,Trivially Equivalent
Complex.js,complex.js,689,709,24,mutation-testing-data/codellama-34b-instruct/template-full-0.5/run318,a,-a,Behavioral Change
Complex.js,complex.js,815,921,28,mutation-testing-data/codellama-34b-instruct/template-full-0.25/run348,b,b * a,Behavioral Change
Complex.js,complex.js,814,921,28,mutation-testing-data/codellama-34b-instruct/template-full-0.5/run318,b,a * b,Behavioral Change
Complex.js,complex.js,705,922,14,mutation-testing-data/codellama-34b-instruct/template-full-1.0/run341,a,-a,Behavioral Change
Complex.js,complex.js,714,938,14,mutation-testing-data/codellama-34b-instruct/template-full-1.0/run341,a,1 / a,Behavioral Change
Complex.js,complex.js,727,939,28,mutation-testing-data/codellama-34b-instruct/template-full-1.0/run341,b,a * b,Behavioral Change
Complex.js,complex.js,732,953,20,mutation-testing-data/codellama-34b-instruct/template-full-1.0/run341,a,-a,Behavioral Change
Complex.js,complex.js,938,1257,20,mutation-testing-data/codellama-34b-instruct/template-full-1.0/run341,this['re'] * places,places * this['re'],Trivially Equivalent
Complex.js,complex.js,940,1258,20,mutation-testing-data/codellama-34b-instruct/template-full-1.0/run341,this['im'] * places,Math.abs(this['im'] * places),Unknown
Complex.js,complex.js,1133,1318,11,mutation-testing-data/codellama-34b-instruct/template-full-0.5/run318,a !== 0,a != 0,Near Equivalent
Complex.js,complex.js,993,1356,11,mutation-testing-data/codellama-34b-instruct/template-full-1.0/run341,this['im'] === 0,this['im'] == 0,Near Equivalent
Complex.js,complex.js,995,1368,14,mutation-testing-data/codellama-34b-instruct/template-full-1.0/run341,isNaN,Number.isNaN,Trivially Equivalent
Complex.js,complex.js,1179,1415,14,mutation-testing-data/codellama-34b-instruct/template-full-0.5/run318,typeof exports === 'object',typeof module === 'object',Behavioral Change
Complex.js,complex.js,1181,1415,14,mutation-testing-data/codellama-34b-instruct/template-full-0.5/run318,typeof exports === 'object',typeof define === 'undefined',Behavioral Change
countries-and-timezones,src/build-country.js,25,33,11,mutation-testing-data/codellama-34b-instruct/template-full-1.0/run341,tz.r === undefined,!tz.r,Near Equivalent
countries-and-timezones,src/build-country.js,24,33,11,mutation-testing-data/codellama-34b-instruct/template-full-1.0/run341,tz.r === undefined,tz.r == null,Near Equivalent
countries-and-timezones,src/build-timezone.js,33,3,7,mutation-testing-data/codellama-34b-instruct/template-full-1.0/run341,!timezone,!timezone || timezone.aliasOf,Unknown
countries-and-timezones,src/build-timezone.js,38,14,38,mutation-testing-data/codellama-34b-instruct/template-full-0.25/run348,tz.d,tz.d - 1,Trivially Equivalent
countries-and-timezones,src/build-timezone.js,37,14,38,mutation-testing-data/codellama-34b-instruct/template-full-0.25/run348,tz.d,tz.d + 1,Trivially Equivalent
countries-and-timezones,src/build-timezone.js,39,14,38,mutation-testing-data/codellama-34b-instruct/template-full-0.25/run348,tz.d,tz.d * 2,Trivially Equivalent
countries-and-timezones,src/build-timezone.js,41,14,38,mutation-testing-data/codellama-34b-instruct/template-full-0.5/run318,tz.d,tz.d + 1,Trivially Equivalent
countries-and-timezones,src/build-timezone.js,42,14,38,mutation-testing-data/codellama-34b-instruct/template-full-0.5/run318,tz.d,tz.d * 2,Trivially Equivalent
countries-and-timezones,src/build-timezone.js,43,14,38,mutation-testing-data/codellama-34b-instruct/template-full-0.5/run318,tz.d,tz.d - 1,Trivially Equivalent
countries-and-timezones,src/build-timezone.js,54,30,28,mutation-testing-data/codellama-34b-instruct/template-full-1.0/run341,offset / 60,offset / 60.0,Trivially Equivalent
countries-and-timezones,src/build-timezone.js,64,38,24,mutation-testing-data/codellama-34b-instruct/template-full-0.25/run348,input,Math.abs(input),Trivially Equivalent
countries-and-timezones,src/build-timezone.js,68,38,24,mutation-testing-data/codellama-34b-instruct/template-full-0.5/run318,input,-input,Trivially Equivalent
countries-and-timezones,src/build-timezone.js,60,38,24,mutation-testing-data/codellama-34b-instruct/template-full-1.0/run341,input,input * -1,Trivially Equivalent
countries-and-timezones,src/build-timezone.js,61,38,24,mutation-testing-data/codellama-34b-instruct/template-full-1.0/run341,input,input.toFixed(2),Unknown
countries-and-timezones,src/index.js,72,5,36,mutation-testing-data/codellama-34b-instruct/template-full-0.5/run318,data.timezones,Object.keys(data.timezones).reverse(),Trivially Equivalent
countries-and-timezones,src/index.js,73,5,36,mutation-testing-data/codellama-34b-instruct/template-full-0.5/run318,data.timezones,Object.values(data.timezones),Trivially Equivalent
countries-and-timezones,src/index.js,67,12,12,mutation-testing-data/codellama-34b-instruct/template-full-1.0/run341,"Object.assign(prev, { [id]: getCountry(id, options) })","Object.assign(prev, {
  [id]: getCountry(id, {
    deprecated: true,
    ...options
  })
})",Unknown
countries-and-timezones,src/index.js,69,12,32,mutation-testing-data/codellama-34b-instruct/template-full-1.0/run341,"{ [id]: getCountry(id, options) }","{
  [id]: getCountry(id, {
    deprecated: true,
    ...options
  })
}",Unknown
countries-and-timezones,src/index.js,72,12,40,mutation-testing-data/codellama-34b-instruct/template-full-1.0/run341,"getCountry(id, options)","getCountry(id, options)",Trivially Equivalent
countries-and-timezones,src/index.js,73,12,40,mutation-testing-data/codellama-34b-instruct/template-full-1.0/run341,"getCountry(id, options)","getCountry(id, {
  ...options,
  newProperty: 'newValue'
})",Unknown
countries-and-timezones,src/index.js,116,22,38,mutation-testing-data/codellama-34b-instruct/template-full-0.5/run318,"buildCountry(data, id)","buildCountry(data, id, true)",Unknown
countries-and-timezones,src/index.js,117,22,38,mutation-testing-data/codellama-34b-instruct/template-full-0.5/run318,"buildCountry(data, id)","buildCountry(data, id, false)",Unknown
countries-and-timezones,src/index.js,118,22,38,mutation-testing-data/codellama-34b-instruct/template-full-0.5/run318,"buildCountry(data, id)","buildCountry(data, id, null)",Unknown
countries-and-timezones,src/index.js,134,32,41,mutation-testing-data/codellama-34b-instruct/template-full-0.25/run348,"buildTimezone(data, name)","buildTimezone(data, name, true)",Unknown
countries-and-timezones,src/index.js,135,32,41,mutation-testing-data/codellama-34b-instruct/template-full-0.25/run348,"buildTimezone(data, name)","buildTimezone(data, name, false)",Unknown
countries-and-timezones,src/index.js,136,32,41,mutation-testing-data/codellama-34b-instruct/template-full-0.25/run348,"buildTimezone(data, name)","buildTimezone(data, name, null)",Unknown
countries-and-timezones,src/index.js,153,43,32,mutation-testing-data/codellama-34b-instruct/template-full-0.25/run348,tzName,tzName.split(' ')[0],Behavioral Change
countries-and-timezones,src/index.js,163,45,39,mutation-testing-data/codellama-34b-instruct/template-full-0.25/run348,c,c.toUpperCase(),Unknown
countries-and-timezones,src/index.js,167,45,42,mutation-testing-data/codellama-34b-instruct/template-full-0.25/run348,options,options.deprecated ? options : null,Behavioral Change
countries-and-timezones,src/index.js,169,62,7,mutation-testing-data/codellama-34b-instruct/template-full-1.0/run341,deprecated === true,deprecated,Near Equivalent
countries-and-timezones,src/index.js,177,64,31,mutation-testing-data/codellama-34b-instruct/template-full-1.0/run341,"Object.assign(prev, { [key]: tzs[key] })","Object.assign(prev, {
  [key]: tzs[key] ? tzs[key] : null
})",Near Equivalent
countries-and-timezones,src/index.js,178,64,31,mutation-testing-data/codellama-34b-instruct/template-full-1.0/run341,"Object.assign(prev, { [key]: tzs[key] })","Object.assign(prev, {
  [key]: tzs[key] ? tzs[key] : undefined
})",Near Equivalent
countries-and-timezones,src/index.js,179,64,31,mutation-testing-data/codellama-34b-instruct/template-full-1.0/run341,"Object.assign(prev, { [key]: tzs[key] })","Object.assign(prev, {
  [key]: tzs[key] ? tzs[key] : false
})",Near Equivalent
countries-and-timezones,src/index.js,180,64,51,mutation-testing-data/codellama-34b-instruct/template-full-1.0/run341,{ [key]: tzs[key] },"{
  [key.toUpperCase()]: tzs[key]
}",Behavioral Change
countries-and-timezones,src/index.js,181,64,51,mutation-testing-data/codellama-34b-instruct/template-full-1.0/run341,{ [key]: tzs[key] },"{
  [key + '!']: tzs[key]
}",Behavioral Change
countries-and-timezones,src/index.js,182,64,51,mutation-testing-data/codellama-34b-instruct/template-full-1.0/run341,{ [key]: tzs[key] },"{
  [key.split('').reverse().join('')]: tzs[key]
}",Behavioral Change
crawler-url-parser,crawler-url-parser.js,63,57,28,mutation-testing-data/codellama-34b-instruct/template-full-0.25/run348,parsedBaseUrl,"URL.parse(baseUrlStr, true, true)",Unknown
crawler-url-parser,crawler-url-parser.js,68,57,28,mutation-testing-data/codellama-34b-instruct/template-full-1.0/run341,parsedBaseUrl,URL.parse(parsedBaseUrl),Unknown
crawler-url-parser,crawler-url-parser.js,69,57,28,mutation-testing-data/codellama-34b-instruct/template-full-1.0/run341,parsedBaseUrl,parsedBaseUrl.href,Behavioral Change
crawler-url-parser,crawler-url-parser.js,107,66,23,mutation-testing-data/codellama-34b-instruct/template-full-0.5/run318,parsedUrl,parsedUrl.href,Behavioral Change
crawler-url-parser,crawler-url-parser.js,95,71,6,mutation-testing-data/codellama-34b-instruct/template-full-0.25/run348,ret.host,ret.protocol,Behavioral Change
crawler-url-parser,crawler-url-parser.js,98,71,6,mutation-testing-data/codellama-34b-instruct/template-full-1.0/run341,ret.host,ret.protocol,Behavioral Change
crawler-url-parser,crawler-url-parser.js,119,87,50,mutation-testing-data/codellama-34b-instruct/template-full-0.5/run318,data,"data.replace(/^\s+|\s+$/g, '')",Behavioral Change
crawler-url-parser,crawler-url-parser.js,113,93,4,mutation-testing-data/codellama-34b-instruct/template-full-0.25/run348,'a','a[href]',Behavioral Change
crawler-url-parser,crawler-url-parser.js,129,93,4,mutation-testing-data/codellama-34b-instruct/template-full-0.5/run318,'a','a[href]',Behavioral Change
crawler-url-parser,crawler-url-parser.js,119,93,4,mutation-testing-data/codellama-34b-instruct/template-full-1.0/run341,'a',$('a'),Behavioral Change
crawler-url-parser,crawler-url-parser.js,182,119,21,mutation-testing-data/codellama-34b-instruct/template-full-0.5/run318,"gettype(currentUrl, baseUrl)","gettype(currentUrl.url, baseUrl.url)",Behavioral Change
crawler-url-parser,crawler-url-parser.js,188,138,6,mutation-testing-data/codellama-34b-instruct/template-full-1.0/run341,"typeof linkurl == ""string""",linkurl.length > 0,Behavioral Change
crawler-url-parser,crawler-url-parser.js,264,165,8,mutation-testing-data/codellama-34b-instruct/template-full-0.5/run318,linkurl_path.includes(pageurl_path),linkurl_path.startsWith(pageurl_path),Behavioral Change
crawler-url-parser,crawler-url-parser.js,271,166,14,mutation-testing-data/codellama-34b-instruct/template-full-0.5/run318,part_count_diff == -1,part_count_diff < 1,Behavioral Change
crawler-url-parser,crawler-url-parser.js,254,166,14,mutation-testing-data/codellama-34b-instruct/template-full-1.0/run341,part_count_diff == -1,part_count_diff < 0,Trivially Equivalent
crawler-url-parser,crawler-url-parser.js,273,172,7,mutation-testing-data/codellama-34b-instruct/template-full-0.25/run348,linkurl_subdomain_len < pageurl_subdomain_len,linkurl_subdomain_len <= pageurl_subdomain_len,Behavioral Change
crawler-url-parser,crawler-url-parser.js,282,172,7,mutation-testing-data/codellama-34b-instruct/template-full-0.5/run318,linkurl_subdomain_len < pageurl_subdomain_len,linkurl_subdomain_len <= pageurl_subdomain_len,Behavioral Change
delta,src/AttributeMap.ts,13,23,13,mutation-testing-data/codellama-34b-instruct/template-full-0.5/run318,attributes[key] != null,attributes[key] !== null,Behavioral Change
delta,src/AttributeMap.ts,14,23,13,mutation-testing-data/codellama-34b-instruct/template-full-0.5/run318,attributes[key] != null,attributes[key] != undefined,Trivially Equivalent
delta,src/AttributeMap.ts,15,29,23,mutation-testing-data/codellama-34b-instruct/template-full-1.0/run341,a,a || b,Unknown
delta,src/AttributeMap.ts,22,30,11,mutation-testing-data/codellama-34b-instruct/template-full-0.5/run318,a[key] !== undefined && b[key] === undefined,a[key] !== null && b[key] === undefined,Behavioral Change
delta,src/AttributeMap.ts,26,50,30,mutation-testing-data/codellama-34b-instruct/template-full-1.0/run341,b[key],b[key] !== undefined ? b[key] : null,Unknown
delta,src/AttributeMap.ts,56,64,11,mutation-testing-data/codellama-34b-instruct/template-full-0.5/run318,base[key] !== attr[key] && attr[key] !== undefined,base[key] !== attr[key] && attr[key] !== undefined && base[key] !== undefined,Trivially Equivalent
delta,src/AttributeMap.ts,73,88,9,mutation-testing-data/codellama-34b-instruct/template-full-0.25/run348,!priority,!priority && b,Trivially Equivalent
delta,src/AttributeMap.ts,51,91,36,mutation-testing-data/codellama-34b-instruct/template-full-1.0/run341,b,b || false,Trivially Equivalent
delta,src/Delta.ts,125,89,9,mutation-testing-data/codellama-34b-instruct/template-full-0.25/run348,length <= 0,length === 0,Behavioral Change
delta,src/Delta.ts,162,146,11,mutation-testing-data/codellama-34b-instruct/template-full-0.5/run318,typeof newOp.retain === 'number' ,typeof newOp.retain === 'number' && typeof lastOp.retain === 'number' && newOp.retain > 0,Unknown
delta,src/Delta.ts,163,146,11,mutation-testing-data/codellama-34b-instruct/template-full-0.5/run318,typeof newOp.retain === 'number' ,typeof newOp.retain === 'number' && typeof lastOp.retain === 'number' && lastOp.retain > 0,Unknown
delta,src/Delta.ts,143,160,7,mutation-testing-data/codellama-34b-instruct/template-full-1.0/run341,"this.ops.splice(index, 0, newOp)","this.ops.splice(index, newOp.length, newOp)",Behavioral Change
delta,src/Delta.ts,177,160,23,mutation-testing-data/codellama-34b-instruct/template-full-0.5/run318,index,this.ops.length - 1,Behavioral Change
delta,src/Delta.ts,182,167,9,mutation-testing-data/codellama-34b-instruct/template-full-0.5/run318,lastOp && typeof lastOp.retain === 'number' && !lastOp.attributes,lastOp && typeof lastOp.retain === 'number' && lastOp.attributes == null,Trivially Equivalent
delta,src/Delta.ts,183,167,9,mutation-testing-data/codellama-34b-instruct/template-full-0.5/run318,lastOp && typeof lastOp.retain === 'number' && !lastOp.attributes,lastOp && typeof lastOp.retain === 'number' && lastOp.attributes === undefined,Near Equivalent
delta,src/Delta.ts,209,199,12,mutation-testing-data/codellama-34b-instruct/template-full-0.25/run348,"this.ops.reduce(predicate, initialValue)","this.ops.reduce(predicate, initialValue * 2)",Behavioral Change
delta,src/Delta.ts,300,275,19,mutation-testing-data/codellama-34b-instruct/template-full-0.5/run318,thisOp.retain == null,thisOp.retain === undefined,Near Equivalent
delta,src/Delta.ts,319,340,9,mutation-testing-data/codellama-34b-instruct/template-full-1.0/run341,this.ops === other.ops,!other,Behavioral Change
delta,src/Delta.ts,364,360,14,mutation-testing-data/codellama-34b-instruct/template-full-0.5/run318,length > 0,length !== 0,Unknown
delta,src/Delta.ts,381,378,42,mutation-testing-data/codellama-34b-instruct/template-full-1.0/run341,opLength,length,Unknown
delta,src/Delta.ts,411,408,11,mutation-testing-data/codellama-34b-instruct/template-full-1.0/run341,iter.peekType() !== 'insert',iter.hasNext() && iter.peekType() !== 'insert',Trivially Equivalent
delta,src/Delta.ts,425,415,35,mutation-testing-data/codellama-34b-instruct/template-full-1.0/run341,newline,'\n',Unknown
delta,src/Delta.ts,502,430,27,mutation-testing-data/codellama-34b-instruct/template-full-0.5/run318,i,i++,Behavioral Change
delta,src/Delta.ts,505,437,11,mutation-testing-data/codellama-34b-instruct/template-full-0.5/run318,op.insert,op.insert + 1,Near Equivalent
delta,src/Delta.ts,470,437,11,mutation-testing-data/codellama-34b-instruct/template-full-1.0/run341,op.insert,op.insert + 1,Near Equivalent
delta,src/Delta.ts,476,439,18,mutation-testing-data/codellama-34b-instruct/template-full-1.0/run341,typeof op.retain === 'number' && op.attributes == null,typeof op.retain === 'number' && !op.attributes,Trivially Equivalent
delta,src/Delta.ts,553,456,18,mutation-testing-data/codellama-34b-instruct/template-full-0.5/run318,typeof op.retain === 'object' && op.retain !== null,op.retain !== 'object',Behavioral Change
delta,src/Delta.ts,516,456,18,mutation-testing-data/codellama-34b-instruct/template-full-1.0/run341,typeof op.retain === 'object' && op.retain !== null,op.retain instanceof Object,Near Equivalent
delta,src/Delta.ts,517,456,18,mutation-testing-data/codellama-34b-instruct/template-full-1.0/run341,typeof op.retain === 'object' && op.retain !== null,typeof op.retain === 'object' && op.retain !== {},Behavioral Change
delta,src/Delta.ts,576,463,42,mutation-testing-data/codellama-34b-instruct/template-full-0.25/run348,embedType,embedType.toLowerCase(),Unknown
delta,src/Delta.ts,564,463,42,mutation-testing-data/codellama-34b-instruct/template-full-0.5/run318,embedType,embedType.toLowerCase(),Unknown
delta,src/Delta.ts,579,465,26,mutation-testing-data/codellama-34b-instruct/template-full-0.25/run348,"handler.invert(opData, baseOpData)","handler.invert(opData, baseOpData, 0)",Unknown
delta,src/Delta.ts,580,465,26,mutation-testing-data/codellama-34b-instruct/template-full-0.25/run348,"handler.invert(opData, baseOpData)","handler.invert(opData, baseOpData, null)",Unknown
delta,src/Delta.ts,581,465,26,mutation-testing-data/codellama-34b-instruct/template-full-0.25/run348,"handler.invert(opData, baseOpData)","handler.invert(opData, baseOpData, undefined)",Unknown
delta,src/Delta.ts,613,493,20,mutation-testing-data/codellama-34b-instruct/template-full-0.5/run318,otherIter.next(),otherIter.next(2),Behavioral Change
delta,src/Delta.ts,591,511,13,mutation-testing-data/codellama-34b-instruct/template-full-1.0/run341,typeof thisData ==,Object.values(thisData).length && thisData !== null && Object.values(otherData).length && otherData !== null,Near Equivalent
delta,src/Delta.ts,592,511,13,mutation-testing-data/codellama-34b-instruct/template-full-1.0/run341,typeof thisData ==,typeof thisData === 'object' && thisData !== null && typeof otherData === 'object' && otherData !== null && typeof Object.values(thisData)[0] === 'object' && typeof Object.values(otherData)[0] === 'object',Behavioral Change
delta,src/Delta.ts,651,516,43,mutation-testing-data/codellama-34b-instruct/template-full-0.5/run318,thisData,thisData.valueOf(),Unknown
delta,src/Op.ts,629,16,16,mutation-testing-data/codellama-34b-instruct/template-full-1.0/run341,typeof op.retain === 'number',op.retain > 0,Behavioral Change
delta,src/OpIterator.ts,644,25,34,mutation-testing-data/codellama-34b-instruct/template-full-1.0/run341,nextOp,"{
  ...nextOp,
  offset: Math.random()
}",Behavioral Change
delta,src/OpIterator.ts,645,25,34,mutation-testing-data/codellama-34b-instruct/template-full-1.0/run341,nextOp,"{
  ...nextOp,
  offset: nextOp.offset + 1
}",Behavioral Change
delta,src/OpIterator.ts,733,43,11,mutation-testing-data/codellama-34b-instruct/template-full-0.25/run348,typeof nextOp.retain =,typeof nextOp.retain === 'object' && nextOp.retain !== undefined,Behavioral Change
delta,src/OpIterator.ts,727,48,20,mutation-testing-data/codellama-34b-instruct/template-full-0.5/run318,typeof nextOp.insert === 'string',typeof nextOp.insert !== 'object',Behavioral Change
delta,src/OpIterator.ts,759,76,9,mutation-testing-data/codellama-34b-instruct/template-full-0.25/run348,op,op + 1,Unknown
delta,src/OpIterator.ts,748,76,9,mutation-testing-data/codellama-34b-instruct/template-full-0.5/run318,op,op + 1,Behavioral Change
delta,src/OpIterator.ts,761,80,9,mutation-testing-data/codellama-34b-instruct/template-full-0.25/run348,typeof op.retain === 'number' ||,typeof op.retain === 'number' || typeof op.retain === 'object' && op.retain !== null || typeof op.retain === 'string' && op.retain.length > 0,Unknown
delta,src/OpIterator.ts,762,80,9,mutation-testing-data/codellama-34b-instruct/template-full-0.25/run348,typeof op.retain === 'number' ||,typeof op.retain === 'number' || typeof op.retain === 'object' && op.retain !== null || typeof op.retain === 'function' && op.retain.call(this) !== undefined,Unknown
delta,src/OpIterator.ts,681,92,9,mutation-testing-data/codellama-34b-instruct/template-full-1.0/run341,!this.hasNext(),this.ops.length === 0,Behavioral Change
delta,src/OpIterator.ts,682,92,9,mutation-testing-data/codellama-34b-instruct/template-full-1.0/run341,!this.hasNext(),this.index >= this.ops.length,Unknown
delta,src/OpIterator.ts,690,95,29,mutation-testing-data/codellama-34b-instruct/template-full-1.0/run341,this.index,this.index + this.offset,Behavioral Change
image-downloader,index.js,8,9,7,mutation-testing-data/codellama-34b-instruct/template-full-0.25/run348,!options.dest,options.dest === null,Near Equivalent
image-downloader,index.js,8,9,7,mutation-testing-data/codellama-34b-instruct/template-full-0.5/run318,!options.dest,options.dest === null,Near Equivalent
image-downloader,index.js,15,14,9,mutation-testing-data/codellama-34b-instruct/template-full-0.5/run318,!path.extname(options.dest),path.extname(options.dest) === '',Near Equivalent
image-downloader,index.js,18,14,9,mutation-testing-data/codellama-34b-instruct/template-full-1.0/run341,!path.extname(options.dest),path.extname(options.dest).length === 0,Near Equivalent
image-downloader,index.js,16,14,9,mutation-testing-data/codellama-34b-instruct/template-full-1.0/run341,!path.extname(options.dest),path.extname(options.dest) === '',Near Equivalent
image-downloader,index.js,43,24,8,mutation-testing-data/codellama-34b-instruct/template-full-1.0/run341,path.isAbsolute,path.basename,Behavioral Change
image-downloader,index.js,44,24,8,mutation-testing-data/codellama-34b-instruct/template-full-1.0/run341,path.isAbsolute,path.dirname,Behavioral Change
image-downloader,index.js,45,24,8,mutation-testing-data/codellama-34b-instruct/template-full-1.0/run341,path.isAbsolute,path.extname,Behavioral Change
image-downloader,index.js,52,25,33,mutation-testing-data/codellama-34b-instruct/template-full-1.0/run341,__dirname,"__dirname + ""/""",Behavioral Change
image-downloader,lib/request.js,61,10,11,mutation-testing-data/codellama-34b-instruct/template-full-1.0/run341,res.statusCode !== 200,res.statusCode != 200,Trivially Equivalent
image-downloader,lib/request.js,70,21,38,mutation-testing-data/codellama-34b-instruct/template-full-1.0/run341,{ filename: dest },"{
  filename: dest,
  extraProperty: 'foo'
}",Unknown
node-dirty,lib/dirty/dirty.js,27,36,7,mutation-testing-data/codellama-34b-instruct/template-full-0.5/run318,"this._queue.set(key, cbs)","this._queue.set(key, cbs.slice())",Near Equivalent
node-dirty,lib/dirty/dirty.js,28,36,7,mutation-testing-data/codellama-34b-instruct/template-full-0.5/run318,"this._queue.set(key, cbs)","this._queue.set(key, cbs.concat([]))",Near Equivalent
node-dirty,lib/dirty/dirty.js,38,39,32,mutation-testing-data/codellama-34b-instruct/template-full-1.0/run341,cb,cb ? true : false,Trivially Equivalent
node-dirty,lib/dirty/dirty.js,61,69,30,mutation-testing-data/codellama-34b-instruct/template-full-0.5/run318,this._data,this._data.entries(),Unknown
node-dirty,lib/dirty/dirty.js,56,69,30,mutation-testing-data/codellama-34b-instruct/template-full-1.0/run341,this._data,this._data.entries(),Unknown
node-dirty,lib/dirty/dirty.js,75,80,5,mutation-testing-data/codellama-34b-instruct/template-full-0.5/run318,"this.set(key, updater(this.get(key)), cb)","this.set(key, updater(this.get(key) || []), cb)",Unknown
node-dirty,lib/dirty/dirty.js,68,80,5,mutation-testing-data/codellama-34b-instruct/template-full-1.0/run341,"this.set(key, updater(this.get(key)), cb)","this.set(key, updater(this.get(key)), undefined)",Behavioral Change
node-dirty,lib/dirty/dirty.js,130,113,15,mutation-testing-data/codellama-34b-instruct/template-full-0.25/run348,err.code === 'ENOENT',err.code === 'ENOENT' && this.path.startsWith('/'),Unknown
node-dirty,lib/dirty/dirty.js,111,113,15,mutation-testing-data/codellama-34b-instruct/template-full-1.0/run341,err.code === 'ENOENT',err.code === 'ENOENT' || err.code === 'ENOTDIR',Unknown
node-dirty,lib/dirty/dirty.js,134,114,31,mutation-testing-data/codellama-34b-instruct/template-full-0.5/run318,0,this._data.size * 2,Unknown
node-dirty,lib/dirty/dirty.js,170,133,32,mutation-testing-data/codellama-34b-instruct/template-full-0.5/run318,rowStr,"rowStr.split(',')",Unknown
node-dirty,lib/dirty/dirty.js,183,142,17,mutation-testing-data/codellama-34b-instruct/template-full-0.25/run348,row.val === undefined,row.val === void 0,Behavioral Change
node-dirty,lib/dirty/dirty.js,183,142,17,mutation-testing-data/codellama-34b-instruct/template-full-0.5/run318,row.val === undefined,row.val == null,Near Equivalent
node-dirty,lib/dirty/dirty.js,184,142,17,mutation-testing-data/codellama-34b-instruct/template-full-0.5/run318,row.val === undefined,!row.val,Near Equivalent
node-dirty,lib/dirty/dirty.js,160,142,17,mutation-testing-data/codellama-34b-instruct/template-full-1.0/run341,row.val === undefined,row.val == undefined,Near Equivalent
node-dirty,lib/dirty/dirty.js,162,143,33,mutation-testing-data/codellama-34b-instruct/template-full-1.0/run341,row.key,row['key'],Trivially Equivalent
node-dirty,lib/dirty/dirty.js,248,186,38,mutation-testing-data/codellama-34b-instruct/template-full-0.5/run318,"{key, val: this._data.get(key)}","{
  key,
  val: this._data.get(key) || this._data.get(key)
}",Trivially Equivalent
node-geo-point,src/geo-point.ts,14,60,19,mutation-testing-data/codellama-34b-instruct/template-full-0.5/run318,point,[],Behavioral Change
node-geo-point,src/geo-point.ts,20,64,31,mutation-testing-data/codellama-34b-instruct/template-full-0.5/run318,'type','type' || 'Point',Trivially Equivalent
node-geo-point,src/geo-point.ts,245,186,49,mutation-testing-data/codellama-34b-instruct/template-full-0.5/run318,coordinate.latitude * Math.PI / 180,coordinate.latitude * Math.PI / 180 + 0.00001,Unknown
node-geo-point,src/geo-point.ts,288,297,39,mutation-testing-data/codellama-34b-instruct/template-full-0.5/run318,parseFloat,Number,Behavioral Change
node-geo-point,src/geo-point.ts,262,297,64,mutation-testing-data/codellama-34b-instruct/template-full-1.0/run341,precision,Math.floor(precision),Trivially Equivalent
node-geo-point,src/geo-point.ts,263,297,64,mutation-testing-data/codellama-34b-instruct/template-full-1.0/run341,precision,Math.round(precision),Trivially Equivalent
node-geo-point,src/geo-point.ts,264,297,64,mutation-testing-data/codellama-34b-instruct/template-full-1.0/run341,precision,Math.ceil(precision),Trivially Equivalent
node-jsonfile,index.js,1,11,7,mutation-testing-data/codellama-34b-instruct/template-full-0.25/run348,typeof options === 'string',options.length > 0,Behavioral Change
node-jsonfile,index.js,9,19,59,mutation-testing-data/codellama-34b-instruct/template-full-0.25/run348,file,file.toString(),Unknown
node-jsonfile,index.js,9,19,59,mutation-testing-data/codellama-34b-instruct/template-full-0.5/run318,file,file.toString(),Unknown
node-jsonfile,index.js,24,25,28,mutation-testing-data/codellama-34b-instruct/template-full-0.25/run348,options ? options.reviver : null,options ? options.reviver : undefined,Trivially Equivalent
node-jsonfile,index.js,25,25,28,mutation-testing-data/codellama-34b-instruct/template-full-0.25/run348,options ? options.reviver : null,options ? options.reviver : {},Trivially Equivalent
node-jsonfile,index.js,23,25,28,mutation-testing-data/codellama-34b-instruct/template-full-0.5/run318,options ? options.reviver : null,options ? options.reviver : undefined,Trivially Equivalent
node-jsonfile,index.js,24,25,28,mutation-testing-data/codellama-34b-instruct/template-full-0.5/run318,options ? options.reviver : null,options ? options.reviver : 'reviver',Trivially Equivalent
node-jsonfile,index.js,21,25,28,mutation-testing-data/codellama-34b-instruct/template-full-1.0/run341,options ? options.reviver : null,options ? options.reviver : options,Trivially Equivalent
node-jsonfile,index.js,22,25,28,mutation-testing-data/codellama-34b-instruct/template-full-1.0/run341,options ? options.reviver : null,options ? options.reviver : undefined,Trivially Equivalent
node-jsonfile,index.js,23,25,28,mutation-testing-data/codellama-34b-instruct/template-full-1.0/run341,options ? options.reviver : null,options ? options.reviver : options.reviver + 1,Trivially Equivalent
node-jsonfile,index.js,54,52,23,mutation-testing-data/codellama-34b-instruct/template-full-0.5/run318,content,content + '',Trivially Equivalent
node-jsonfile,index.js,56,54,9,mutation-testing-data/codellama-34b-instruct/template-full-0.25/run348,shouldThrow,shouldThrow === true,Near Equivalent
node-jsonfile,index.js,99,78,10,mutation-testing-data/codellama-34b-instruct/template-full-0.25/run348,"fs.writeFileSync(file, str, options)","fs.writeFileSync(file, str, options.reviver)",Behavioral Change
node-jsonfile,index.js,87,78,10,mutation-testing-data/codellama-34b-instruct/template-full-1.0/run341,fs.writeFileSync,_fs.writeFileSync,Behavioral Change
plural,index.js,12,10,17,mutation-testing-data/codellama-34b-instruct/template-full-1.0/run341,"[match, result]","function () {
  return [match, result];
}()",Trivially Equivalent
plural,index.js,51,22,80,mutation-testing-data/codellama-34b-instruct/template-full-0.5/run318,0,Math.random(),Unknown
plural,index.js,50,22,80,mutation-testing-data/codellama-34b-instruct/template-full-1.0/run341,0,'',Unknown
plural,index.js,68,23,57,mutation-testing-data/codellama-34b-instruct/template-full-0.5/run318,0,null,Unknown
plural,index.js,85,27,1,mutation-testing-data/codellama-34b-instruct/template-full-0.25/run348,"addRule(/[aeiouy]o$/i, function(w) { return w + 's' })","addRule(/[^aeiouy]o$/i, function (w) {
  return w + 'es';
})",Behavioral Change
plural,index.js,87,27,1,mutation-testing-data/codellama-34b-instruct/template-full-0.5/run318,"addRule(/[aeiouy]o$/i, function(w) { return w + 's' })","addRule(/[^aeiouy]o$/i, function (w) {
  return w + 'es';
})",Behavioral Change
plural,index.js,88,27,1,mutation-testing-data/codellama-34b-instruct/template-full-0.5/run318,"addRule(/[aeiouy]o$/i, function(w) { return w + 's' })","addRule(/[aeiouy]o$/i, function (w) {
  return w.replace(/o$/, 'os');
})",Behavioral Change
plural,index.js,88,27,1,mutation-testing-data/codellama-34b-instruct/template-full-1.0/run341,"addRule(/[aeiouy]o$/i, function(w) { return w + 's' })","addRule(/[^aeiouy]o$/i, function (w) {
  return w + 'os';
})",Behavioral Change
plural,index.js,101,33,7,mutation-testing-data/codellama-34b-instruct/template-full-0.5/run318,w === 'dwarf' || w === 'roof',w === 'dwarf' || w === 'roof' || w === 'shoe',Trivially Equivalent
plural,index.js,102,33,7,mutation-testing-data/codellama-34b-instruct/template-full-1.0/run341,w === 'dwarf' || w === 'roof',w.toLowerCase() === 'dwarf' || w.toLowerCase() === 'roof',Trivially Equivalent
plural,index.js,138,43,1,mutation-testing-data/codellama-34b-instruct/template-full-1.0/run341,"addRule('die', 'dice')","addRule('die', 'dice', 1)",Trivially Equivalent
plural,index.js,140,43,1,mutation-testing-data/codellama-34b-instruct/template-full-1.0/run341,"addRule('die', 'dice')","addRule('die', 'dice', function (word, num) {
  return word + 's';
})",Trivially Equivalent
plural,index.js,139,43,1,mutation-testing-data/codellama-34b-instruct/template-full-1.0/run341,"addRule('die', 'dice')","addRule('die', 'dice', function () {})",Trivially Equivalent
plural,index.js,175,49,26,mutation-testing-data/codellama-34b-instruct/template-full-0.5/run318,"function(w) { return w.replace(/a/, 'e') }","function (w) {
  return w.replace(/a/g, 'e');
}",Trivially Equivalent
plural,index.js,185,49,26,mutation-testing-data/codellama-34b-instruct/template-full-1.0/run341,"function(w) { return w.replace(/a/, 'e') }","function (w) {
  return w.replace(/a/, function () {
    return 'e';
  });
}",Trivially Equivalent
plural,index.js,193,52,61,mutation-testing-data/codellama-34b-instruct/template-full-0.5/run318,function(w) { return w },"function (w) {
  return w.replace(/s$/, '');
}",Behavioral Change
plural,index.js,225,70,1,mutation-testing-data/codellama-34b-instruct/template-full-0.5/run318,"addRule(/\b(?:tea|sugar|water|air|rice|knowledge|beauty|anger|fear|love|money|research|safety|evidence)\b/i, function(w) { return w })","addRule(/\b(?:tea|sugar|water|air|rice|knowledge|beauty|anger|fear|love|money|research|safety|evidence)\b/i, function (w) {
  return w.toLowerCase();
})",Trivially Equivalent
plural,index.js,241,77,17,mutation-testing-data/codellama-34b-instruct/template-full-1.0/run341,i < rules.length,i >= 0 && i < rules.length,Trivially Equivalent
plural,index.js,250,80,16,mutation-testing-data/codellama-34b-instruct/template-full-1.0/run341,rule[0],rules[i][0],Behavioral Change
plural,index.js,260,81,21,mutation-testing-data/codellama-34b-instruct/template-full-1.0/run341,rule[1],"rule[(1, 1)]",Behavioral Change
plural,index.js,249,83,11,mutation-testing-data/codellama-34b-instruct/template-full-0.25/run348,type(rule[0]) === 'String' && rule[0] === word,type(rule[0]) === 'String' && rule[0] === word.toLowerCase(),Trivially Equivalent
plural,index.js,271,83,11,mutation-testing-data/codellama-34b-instruct/template-full-1.0/run341,type(rule[0]) === 'String' && rule[0] === word,type(rule[0]) === 'String' && rule[0] === word.toLowerCase(),Trivially Equivalent
pull-stream,pull.js,22,7,5,mutation-testing-data/codellama-34b-instruct/template-full-0.25/run348,for(var i = 0; i < lengt,for (var i = -1; i < length; i++) args[i] = arguments[i];,Behavioral Change
pull-stream,pull.js,29,7,32,mutation-testing-data/codellama-34b-instruct/template-full-0.5/run318,i++,i = i + 1,Trivially Equivalent
pull-stream,pull.js,58,23,22,mutation-testing-data/codellama-34b-instruct/template-full-0.5/run318,"pull(read, ref[0], ref[1], ref[2])","pull(read, ref[0], ref[2], ref[1])",Behavioral Change
pull-stream,pull.js,59,23,22,mutation-testing-data/codellama-34b-instruct/template-full-0.5/run318,"pull(read, ref[0], ref[1], ref[2])","pull(read, ref[1], ref[0], ref[2])",Behavioral Change
pull-stream,pull.js,118,38,31,mutation-testing-data/codellama-34b-instruct/template-full-0.25/run348,i++,i = i + 1,Trivially Equivalent
pull-stream,pull.js,120,38,31,mutation-testing-data/codellama-34b-instruct/template-full-0.5/run318,i++,i = i + 1,Trivially Equivalent
pull-stream,pull.js,115,41,16,mutation-testing-data/codellama-34b-instruct/template-full-1.0/run341,read,read || null,Near Equivalent
pull-stream,pull.js,116,41,16,mutation-testing-data/codellama-34b-instruct/template-full-1.0/run341,read,read || {},Near Equivalent
pull-stream,sinks/drain.js,154,26,18,mutation-testing-data/codellama-34b-instruct/template-full-0.5/run318,done,done + 1,Near Equivalent
pull-stream,sinks/drain.js,137,26,18,mutation-testing-data/codellama-34b-instruct/template-full-1.0/run341,done,"""some string""",Behavioral Change
pull-stream,sinks/drain.js,185,36,21,mutation-testing-data/codellama-34b-instruct/template-full-0.5/run318,!loop,!loop && true,Trivially Equivalent
pull-stream,sinks/drain.js,197,52,21,mutation-testing-data/codellama-34b-instruct/template-full-0.5/run318,"read(abort, cb || function () {})","read(abort, cb || function () {
  return null;
})",Unknown
pull-stream,sinks/drain.js,198,52,21,mutation-testing-data/codellama-34b-instruct/template-full-0.5/run318,"read(abort, cb || function () {})","read(abort, cb || function () {
  return undefined;
})",Unknown
pull-stream,sinks/drain.js,171,52,21,mutation-testing-data/codellama-34b-instruct/template-full-1.0/run341,"read(abort, cb || function () {})","read(!abort, cb || function () {})",Behavioral Change
pull-stream,sinks/find.js,211,15,8,mutation-testing-data/codellama-34b-instruct/template-full-0.25/run348,test,test || true,Behavioral Change
pull-stream,sinks/find.js,214,15,8,mutation-testing-data/codellama-34b-instruct/template-full-0.5/run318,test(data),"test(data, data)",Near Equivalent
pull-stream,sinks/find.js,215,15,8,mutation-testing-data/codellama-34b-instruct/template-full-0.5/run318,test(data),"test(data, null)",Near Equivalent
pull-stream,sinks/find.js,203,21,8,mutation-testing-data/codellama-34b-instruct/template-full-1.0/run341,ended,ended && cb,Trivially Equivalent
pull-stream,sinks/reduce.js,256,6,6,mutation-testing-data/codellama-34b-instruct/template-full-0.5/run318,!cb,typeof cb !== 'function',Near Equivalent
pull-stream,sources/count.js,290,6,8,mutation-testing-data/codellama-34b-instruct/template-full-0.5/run318,end,end * 2,Near Equivalent
pull-stream,sources/count.js,265,6,8,mutation-testing-data/codellama-34b-instruct/template-full-1.0/run341,end,end === true,Near Equivalent
pull-stream,sources/count.js,299,8,17,mutation-testing-data/codellama-34b-instruct/template-full-0.5/run318,true,i > max,Trivially Equivalent
pull-stream,sources/values.js,400,16,8,mutation-testing-data/codellama-34b-instruct/template-full-0.25/run348,abort,abort && onAbort,Unknown
pull-stream,sources/values.js,373,16,8,mutation-testing-data/codellama-34b-instruct/template-full-1.0/run341,abort,abort && abortCb,Trivially Equivalent
pull-stream,sources/values.js,415,17,26,mutation-testing-data/codellama-34b-instruct/template-full-0.5/run318,abort,abort || true,Trivially Equivalent
pull-stream,sources/values.js,421,18,8,mutation-testing-data/codellama-34b-instruct/template-full-0.5/run318,i >= array.length,i == array.length,Unknown
pull-stream,throughs/async-map.js,419,18,14,mutation-testing-data/codellama-34b-instruct/template-full-1.0/run341,abort,abort.length !== 0 ? abort : null,Unknown
pull-stream,throughs/async-map.js,463,22,14,mutation-testing-data/codellama-34b-instruct/template-full-0.5/run318,busy,busy === true,Near Equivalent
pull-stream,throughs/async-map.js,469,23,19,mutation-testing-data/codellama-34b-instruct/template-full-0.5/run318,abort,true,Near Equivalent
pull-stream,throughs/async-map.js,424,23,19,mutation-testing-data/codellama-34b-instruct/template-full-1.0/run341,abort,"""error""",Near Equivalent
pull-stream,throughs/async-map.js,483,38,23,mutation-testing-data/codellama-34b-instruct/template-full-0.25/run348,err,err && err.message,Unknown
pull-stream,throughs/async-map.js,456,39,20,mutation-testing-data/codellama-34b-instruct/template-full-1.0/run341,"cb(null, data)","cb(undefined, data)",Near Equivalent
pull-stream,throughs/filter-not.js,471,8,17,mutation-testing-data/codellama-34b-instruct/template-full-1.0/run341,function (data) { return !test(data) },"function (data) {
  return data.hasOwnProperty('test') ? test(data) : !test(data);
}",Trivially Equivalent
pull-stream,throughs/filter-not.js,516,8,48,mutation-testing-data/codellama-34b-instruct/template-full-0.25/run348,data,data + 1,Unknown
pull-stream,throughs/filter-not.js,533,8,48,mutation-testing-data/codellama-34b-instruct/template-full-0.5/run318,data,data + 1,Unknown
pull-stream,throughs/filter.js,540,11,13,mutation-testing-data/codellama-34b-instruct/template-full-0.5/run318,loop,loop || false,Trivially Equivalent
pull-stream,throughs/flatten.js,594,22,17,mutation-testing-data/codellama-34b-instruct/template-full-0.5/run318,err === true,err == true,Near Equivalent
pull-stream,throughs/flatten.js,546,28,25,mutation-testing-data/codellama-34b-instruct/template-full-1.0/run341,data,data || [],Unknown
pull-stream,throughs/flatten.js,594,34,14,mutation-testing-data/codellama-34b-instruct/template-full-0.25/run348,end,end && true,Trivially Equivalent
pull-stream,throughs/flatten.js,595,34,14,mutation-testing-data/codellama-34b-instruct/template-full-0.25/run348,end,end || false,Trivially Equivalent
pull-stream,throughs/flatten.js,607,38,20,mutation-testing-data/codellama-34b-instruct/template-full-0.25/run348,'function' !== typeof stream,typeof stream !== 'function',Behavioral Change
pull-stream,throughs/non-unique.js,597,7,10,mutation-testing-data/codellama-34b-instruct/template-full-1.0/run341,"unique(field, true)","unique(field + 1, true)",Behavioral Change
pull-stream,throughs/non-unique.js,602,7,24,mutation-testing-data/codellama-34b-instruct/template-full-1.0/run341,true,field !== null,Unknown
pull-stream,throughs/take.js,681,25,15,mutation-testing-data/codellama-34b-instruct/template-full-0.5/run318,ended = end,ended = end && true,Trivially Equivalent
pull-stream,throughs/take.js,682,25,15,mutation-testing-data/codellama-34b-instruct/template-full-0.5/run318,ended = end,ended = end || false,Trivially Equivalent
pull-stream,throughs/through.js,739,17,12,mutation-testing-data/codellama-34b-instruct/template-full-0.5/run318,!end,end !== true,Near Equivalent
pull-stream,throughs/through.js,738,17,12,mutation-testing-data/codellama-34b-instruct/template-full-0.5/run318,!end,!end && op,Trivially Equivalent
pull-stream,throughs/through.js,739,19,12,mutation-testing-data/codellama-34b-instruct/template-full-0.25/run348,end,end ? true : false,Near Equivalent
pull-stream,throughs/unique.js,760,9,11,mutation-testing-data/codellama-34b-instruct/template-full-0.5/run318,prop,field = field + 1 || id,Behavioral Change
pull-stream,throughs/unique.js,761,9,11,mutation-testing-data/codellama-34b-instruct/template-full-0.5/run318,prop,field = field * 2 || id,Behavioral Change
pull-stream,util/abort-cb.js,776,2,6,mutation-testing-data/codellama-34b-instruct/template-full-0.5/run318,abort,abort || false,Trivially Equivalent
q,q.js,149,241,25,mutation-testing-data/codellama-34b-instruct/template-full-0.5/run318,task,function () {},Behavioral Change
q,q.js,315,431,30,mutation-testing-data/codellama-34b-instruct/template-full-1.0/run341,Number,String,Behavioral Change
q,q.js,526,649,13,mutation-testing-data/codellama-34b-instruct/template-full-0.25/run348,resolvedPromise,resolvedPromise !== undefined,Near Equivalent
q,q.js,692,862,32,mutation-testing-data/codellama-34b-instruct/template-full-0.25/run348,exception,null,Behavioral Change
q,q.js,693,862,32,mutation-testing-data/codellama-34b-instruct/template-full-0.25/run348,exception,undefined,Behavioral Change
q,q.js,694,862,32,mutation-testing-data/codellama-34b-instruct/template-full-0.25/run348,exception,0,Behavioral Change
q,q.js,637,878,17,mutation-testing-data/codellama-34b-instruct/template-full-1.0/run341,done,done === true,Near Equivalent
q,q.js,890,1089,31,mutation-testing-data/codellama-34b-instruct/template-full-0.5/run318,"""(no stack) "" + reason","reason + "" (no stack) """,Unknown
q,q.js,891,1089,31,mutation-testing-data/codellama-34b-instruct/template-full-0.5/run318,"""(no stack) "" + reason","reason + "" (no stack)""",Unknown
q,q.js,796,1089,31,mutation-testing-data/codellama-34b-instruct/template-full-1.0/run341,"""(no stack) "" + reason","reason, "" """,Unknown
q,q.js,797,1089,31,mutation-testing-data/codellama-34b-instruct/template-full-1.0/run341,"""(no stack) "" + reason",NaN,Unknown
q,q.js,798,1089,31,mutation-testing-data/codellama-34b-instruct/template-full-1.0/run341,"""(no stack) "" + reason",null,Unknown
spacl-core,src/matcher.ts,1,12,9,mutation-testing-data/codellama-34b-instruct/template-full-1.0/run341,spec.match(/^[a-zA-Z0-9_/:~.$+*-]*$/) === null,!spec.match(/^[a-zA-Z0-9_/:~.$+*-]*$/),Trivially Equivalent
spacl-core,src/matcher.ts,2,12,9,mutation-testing-data/codellama-34b-instruct/template-full-1.0/run341,spec.match(/^[a-zA-Z0-9_/:~.$+*-]*$/) === null,spec.match(/^[a-zA-Z0-9_/:~.$+*-]*$/) == null,Trivially Equivalent
spacl-core,src/matcher.ts,11,18,9,mutation-testing-data/codellama-34b-instruct/template-full-1.0/run341,spec.match(/\/\//) !== null,spec.match(/(\/\/)/) !== null,Trivially Equivalent
spacl-core,src/matcher.ts,12,18,9,mutation-testing-data/codellama-34b-instruct/template-full-1.0/run341,spec.match(/\/\//) !== null,spec.match(/[/]{2}/) !== null,Trivially Equivalent
spacl-core,src/matcher.ts,23,29,20,mutation-testing-data/codellama-34b-instruct/template-full-1.0/run341,/^.+\/$/,/^.+\/+$/,Trivially Equivalent
spacl-core,src/matcher.ts,32,39,9,mutation-testing-data/codellama-34b-instruct/template-full-0.5/run318,string.length > 1 && string.endsWith('/'),string.length > 1 && string.endsWith('/') && string.charAt(0) === '/',Behavioral Change
spacl-core,src/matcher.ts,29,39,9,mutation-testing-data/codellama-34b-instruct/template-full-1.0/run341,string.length > 1 && string.endsWith('/'),string.length === 0,Behavioral Change
spacl-core,src/matcher.ts,41,67,18,mutation-testing-data/codellama-34b-instruct/template-full-1.0/run341,min > 0,min >= 1,Behavioral Change
spacl-core,src/matcher.ts,63,92,3,mutation-testing-data/codellama-34b-instruct/template-full-0.5/run318,f,"for (const part of spec.split('/').slice(1).reverse().map(p => p.toLowerCase())) {
  switch (part) {
    case '+':
      min++;
      max++;
      break;
    case '++':
      max++;
      break;
    case '*':
      min++;
      any = true;
      break;
    case '**':
      any = true;
      break;
    default:
      flatten();
      opt = false;
      if (part.match(/:.+/) !== null) {
        props.push(part.slice(1));
        parts.push('/([^/]+)');
      } else {
        parts.push(`/${part.replace(/([.$])/g, '\\$1')}`);
      }
  }
}",Behavioral Change
spacl-core,src/matcher.ts,64,92,33,mutation-testing-data/codellama-34b-instruct/template-full-1.0/run341,'/','\/',Unknown
spacl-core,src/matcher.ts,66,93,13,mutation-testing-data/codellama-34b-instruct/template-full-1.0/run341,part,part.split('/').pop(),Trivially Equivalent
spacl-core,src/matcher.ts,86,112,22,mutation-testing-data/codellama-34b-instruct/template-full-0.5/run318,part.slice(1),part.substr(1),Near Equivalent
spacl-core,src/matcher.ts,74,112,22,mutation-testing-data/codellama-34b-instruct/template-full-1.0/run341,part.slice(1),part.substr(1),Near Equivalent
spacl-core,src/matcher.ts,75,112,22,mutation-testing-data/codellama-34b-instruct/template-full-1.0/run341,part.slice(1),part.substring(1),Near Equivalent
spacl-core,src/policymap.ts,135,7,24,mutation-testing-data/codellama-34b-instruct/template-full-1.0/run341,"(policy) => [policy.name, policy]","policy => [policy.name.toLowerCase(), policy]",Unknown
spacl-core,src/policymap.ts,136,7,24,mutation-testing-data/codellama-34b-instruct/template-full-1.0/run341,"(policy) => [policy.name, policy]","policy => [policy.name.split(' ').join(''), policy]",Unknown
spacl-core,src/policymap.ts,162,28,29,mutation-testing-data/codellama-34b-instruct/template-full-0.5/run318,name,name.toLowerCase(),Unknown
spacl-core,src/rule.ts,200,26,11,mutation-testing-data/codellama-34b-instruct/template-full-0.5/run318,!(verb in this.verbs),this.verbs[verb] === undefined,Trivially Equivalent
spacl-core,src/rule.ts,197,60,30,mutation-testing-data/codellama-34b-instruct/template-full-1.0/run341,this.regex,this.regex.source,Behavioral Change
spacl-core,src/rule.ts,232,66,11,mutation-testing-data/codellama-34b-instruct/template-full-0.5/run318,ctx === undefined,!ctx,Near Equivalent
spacl-core,src/rule.ts,216,83,24,mutation-testing-data/codellama-34b-instruct/template-full-1.0/run341,this.verbs,"Object.assign({}, this.verbs)",Trivially Equivalent
spacl-core,src/rule.ts,217,83,24,mutation-testing-data/codellama-34b-instruct/template-full-1.0/run341,this.verbs,JSON.parse(JSON.stringify(this.verbs)),Trivially Equivalent
zip-a-folder,lib/ZipAFolder.ts,3,41,39,mutation-testing-data/codellama-34b-instruct/template-full-0.25/run348,"{src, targetFilePath: tarFilePath, format: 'tar', zipAFolderOptions}","{
  src,
  targetFilePath: tarFilePath,
  format: 'zip',
  zipAFolderOptions
}",Behavioral Change
