project,file,id,line,column,original,replacement,coding
Complex.js,complex.js,1086,1171,23,a / 0,a * 0,Behavioral Change
Complex.js,complex.js,906,993,9,2 * cosh(a),2 / cosh(a),Behavioral Change
Complex.js,complex.js,1024,1113,11,-b / d,-b * d,Behavioral Change
Complex.js,complex.js,698,744,20,'im',"""""",Behavioral Change
Complex.js,complex.js,707,749,9,-Math.cos(a) * sinh(b),-Math.cos(a) / sinh(b),Behavioral Change
Complex.js,complex.js,990,1082,24,b / 0,b * 0,Behavioral Change
Complex.js,complex.js,1078,1166,15,d !== 0,false,Behavioral Change
Complex.js,complex.js,1082,1169,11,-b,+b,Behavioral Change
Complex.js,complex.js,894,983,24,csch': function() ,{},Unknown
Complex.js,complex.js,1003,1088,19,-x['im'],+x['im'],Behavioral Change
Complex.js,complex.js,413,382,77,'isInfinite',"""""",Behavioral Change
Complex.js,complex.js,936,1042,25,acosh': function() ,{},Unknown
Complex.js,complex.js,391,363,11,this['isInfinite']() || z['isInfinite'](),this['isInfinite']() && z['isInfinite'](),Behavioral Change
Complex.js,complex.js,282,243,40,minus % 2,minus * 2,Behavioral Change
Complex.js,complex.js,542,482,22,'re',"""""",Behavioral Change
Complex.js,complex.js,705,748,9,Math.sin(a) * cosh(b),Math.sin(a) / cosh(b),Behavioral Change
Complex.js,complex.js,410,382,55,this['isZero']() && z['isInfinite'](),false,Behavioral Change
Complex.js,complex.js,921,1023,22,'im',"""""",Behavioral Change
Complex.js,complex.js,918,1011,9,-2 * sinh(a),-2 / sinh(a),Behavioral Change
Complex.js,complex.js,45,77,11,xx * (,xx / (xx * (xx * (xx * (xx / 20922789888000 - 1 / 87178291200) + 1 / 479001600) - 1 / 3628800) + 1 / 40320),Behavioral Change
Complex.js,complex.js,201,215,13,'im',"""""",Behavioral Change
Complex.js,complex.js,1049,1139,15,a * a,a / a,Behavioral Change
Complex.js,complex.js,913,1010,9,2 * cosh(a) * Math.cos(b) / d,2 * cosh(a) * Math.cos(b) * d,Behavioral Change
Complex.js,complex.js,473,421,11,this['isZero']() || z['isInfinite'](),this['isZero']() && z['isInfinite'](),Behavioral Change
Complex.js,complex.js,895,987,20,'re',"""""",Behavioral Change
Complex.js,complex.js,905,993,9,2 * cosh(a) * Math.sin(b),2 * cosh(a) / Math.sin(b),Behavioral Change
Complex.js,complex.js,1026,1115,12,a !== 0,true,Behavioral Change
Complex.js,complex.js,79,100,16,f (a < b) ,{},Behavioral Change
Complex.js,complex.js,394,363,54,f (this['isInfinite']() || z['isInfinite']()) ,{},Behavioral Change
Complex.js,complex.js,1052,1140,15,d !== 0,false,Behavioral Change
Complex.js,complex.js,434,393,33,'re',"""""",Behavioral Change
Complex.js,complex.js,101,133,9,_a < 3000,_a <= 3000,Behavioral Change
Complex.js,complex.js,860,904,12,a !== 0,a === 0,Behavioral Change
Complex.js,complex.js,11,41,42,Math.exp(x) + Math.exp(-x),Math.exp(x) - Math.exp(-x),Behavioral Change
Complex.js,complex.js,49,79,15,xx * (,xx / (xx * (xx / 20922789888000 - 1 / 87178291200) + 1 / 479001600),Behavioral Change
Complex.js,complex.js,818,868,31,f (a === 0 && b === 0) ,{},Behavioral Change
Complex.js,complex.js,805,853,12,b !== 0,b === 0,Behavioral Change
Complex.js,complex.js,1220,1328,18,b < 0,b <= 0,Behavioral Change
Complex.js,complex.js,839,892,20,'im',"""""",Behavioral Change
Complex.js,complex.js,341,281,9,isNaN(z['re']) || isNaN(z['im']),isNaN(z['re']) && isNaN(z['im']),Unknown
Complex.js,complex.js,1056,1143,11,-b,+b,Behavioral Change
Complex.js,complex.js,793,847,15,d !== 0,true,Behavioral Change
Complex.js,complex.js,850,898,15,a * a,a / a,Behavioral Change
Complex.js,complex.js,265,238,19,plus + minus === 0,false,Behavioral Change
Complex.js,complex.js,985,1081,18,-1,+1,Behavioral Change
Complex.js,complex.js,855,901,11,a / d,a * d,Behavioral Change
Complex.js,complex.js,104,133,22,_b < 3000,_b <= 3000,Behavioral Change
Complex.js,complex.js,1287,1412,12,[],"[""Stryker was here""]",Unknown
Complex.js,complex.js,48,79,15,xx * (,xx * (xx * (xx / 20922789888000 - 1 / 87178291200) + 1 / 479001600) + 1 / 3628800,Behavioral Change
Complex.js,complex.js,801,852,12,a !== 0,a === 0,Behavioral Change
countries-and-timezones,src/index.js,117,56,39,[],"[""Stryker was here""]",Unknown
countries-and-timezones,src/build-country.js,11,12,33,[],"[""Stryker was here""]",Unknown
countries-and-timezones,src/build-country.js,18,18,7,!timezonesMap,true,Behavioral Change
countries-and-timezones,src/index.js,139,77,16,xport default ,{},Behavioral Change
countries-and-timezones,src/index.js,77,17,7,totalTimezones !== memoizedTimezones,true,Behavioral Change
countries-and-timezones,src/build-country.js,15,13,32,[],"[""Stryker was here""]",Unknown
crawler-url-parser,crawler-url-parser.js,96,97,7,"typeof href == ""undefined"" || href.length < 3 || /^(javascript|mailto:|ftp:)/ig.test(href)",false,Behavioral Change
crawler-url-parser,crawler-url-parser.js,149,147,58,'/',"""""",Behavioral Change
crawler-url-parser,crawler-url-parser.js,7,12,25,"[/^utm_\w+/i, 'ref']",[],Behavioral Change
crawler-url-parser,crawler-url-parser.js,147,147,38,/\/index\.[a-z]+$/,/\/index\.[a-z]$/,Behavioral Change
crawler-url-parser,crawler-url-parser.js,50,43,42,/^(?!(?:\w+:)?\/\/)/,/(?!(?:\w+:)?\/\/)/,Behavioral Change
crawler-url-parser,crawler-url-parser.js,10,12,26,/^utm_\w+/i,/^utm_\W+/i,Unknown
crawler-url-parser,crawler-url-parser.js,100,97,7,"typeof href == ""undefined""",false,Behavioral Change
crawler-url-parser,crawler-url-parser.js,4,9,17,true,false,Behavioral Change
crawler-url-parser,crawler-url-parser.js,8,12,26,/^utm_\w+/i,/utm_\w+/i,Unknown
crawler-url-parser,crawler-url-parser.js,106,97,56,/^(javascript|mailto:|ftp:)/ig,/(javascript|mailto:|ftp:)/ig,Behavioral Change
crawler-url-parser,crawler-url-parser.js,56,47,43,true,false,Behavioral Change
crawler-url-parser,crawler-url-parser.js,225,204,12,"""https ://www.npmjs.com/package/electron-window-manager""","""""",Unknown
crawler-url-parser,crawler-url-parser.js,200,166,14,part_count_diff == -1,true,Behavioral Change
crawler-url-parser,crawler-url-parser.js,103,97,37,href.length < 3,false,Behavioral Change
crawler-url-parser,crawler-url-parser.js,224,186,14,"""for testing purpose""","""""",Unknown
crawler-url-parser,crawler-url-parser.js,181,161,57,/(\/[^\/]*)[\/]?$/,/(\/[^\/]*)[^\/]?$/,Unknown
crawler-url-parser,crawler-url-parser.js,98,97,7,"typeof href == ""undefined"" || href.length < 3",false,Behavioral Change
crawler-url-parser,crawler-url-parser.js,11,12,39,'ref',"""""",Behavioral Change
crawler-url-parser,crawler-url-parser.js,75,55,45,true,false,Unknown
crawler-url-parser,crawler-url-parser.js,27,35,49,'http://',"""""",Behavioral Change
crawler-url-parser,crawler-url-parser.js,220,185,5,!module.parent,module.parent,Unknown
crawler-url-parser,crawler-url-parser.js,123,108,38,"""""","""Stryker was here!""",Unknown
crawler-url-parser,crawler-url-parser.js,114,104,9,!tmpUrl.text.includes(text),tmpUrl.text.includes(text),Behavioral Change
crawler-url-parser,crawler-url-parser.js,37,40,35,/#.*$/,/#.$/,Behavioral Change
crawler-url-parser,crawler-url-parser.js,215,172,7,linkurl_subdomain_len < pageurl_subdomain_len,linkurl_subdomain_len <= pageurl_subdomain_len,Behavioral Change
crawler-url-parser,crawler-url-parser.js,72,54,6,parsedUrl.host == null,true,Behavioral Change
crawler-url-parser,crawler-url-parser.js,28,36,40,/#.*$/,/#.*/,Trivially Equivalent
crawler-url-parser,crawler-url-parser.js,120,108,23,text == null,true,Behavioral Change
crawler-url-parser,crawler-url-parser.js,146,147,38,/\/index\.[a-z]+$/,/\/index\.[a-z]+/,Behavioral Change
crawler-url-parser,crawler-url-parser.js,104,97,37,href.length < 3,href.length <= 3,Behavioral Change
crawler-url-parser,crawler-url-parser.js,97,97,7,"typeof href == ""undefined"" || href.length < 3 || /^(javascript|mailto:|ftp:)/ig.test(href)","(typeof href == ""undefined"" || href.length < 3) && /^(javascript|mailto:|ftp:)/ig.test(href)",Behavioral Change
crawler-url-parser,crawler-url-parser.js,52,43,42,/^(?!(?:\w+:)?\/\/)/,/^(?!(?:\w+:)\/\/)/,Unknown
crawler-url-parser,crawler-url-parser.js,77,63,39,true,false,Unknown
crawler-url-parser,crawler-url-parser.js,117,104,38,f (!tmpUrl.text.includes(text)) ,{},Behavioral Change
crawler-url-parser,crawler-url-parser.js,15,20,12,et ret = ,{},Behavioral Change
crawler-url-parser,crawler-url-parser.js,112,102,8,urlMap.has(currentUrl.url),false,Behavioral Change
crawler-url-parser,crawler-url-parser.js,223,185,21,f (!module.parent) ,{},Unknown
crawler-url-parser,crawler-url-parser.js,2,7,23,true,false,Behavioral Change
crawler-url-parser,crawler-url-parser.js,57,47,49,true,false,Unknown
crawler-url-parser,crawler-url-parser.js,1,6,24,true,false,Behavioral Change
crawler-url-parser,crawler-url-parser.js,113,102,36,f (urlMap.has(currentUrl.url)) ,{},Behavioral Change
crawler-url-parser,crawler-url-parser.js,45,42,8,/^\.*\/|^(?!localhost)\w+:/,/^\.*\/|(?!localhost)\w+:/,Behavioral Change
crawler-url-parser,crawler-url-parser.js,78,63,45,true,false,Unknown
crawler-url-parser,crawler-url-parser.js,48,42,8,/^\.*\/|^(?!localhost)\w+:/,/^\.*\/|^(?!localhost)\W+:/,Unknown
crawler-url-parser,crawler-url-parser.js,53,43,42,/^(?!(?:\w+:)?\/\/)/,/^(?!(?:\w:)?\/\/)/,Unknown
crawler-url-parser,crawler-url-parser.js,138,146,38,/\/index\.[a-z]+$/,/\/index\.[a-z]+/,Behavioral Change
crawler-url-parser,crawler-url-parser.js,46,42,8,/^\.*\/|^(?!localhost)\w+:/,/^\.*\/|^(?=localhost)\w+:/,Unknown
crawler-url-parser,crawler-url-parser.js,153,147,93,'/',"""""",Behavioral Change
crawler-url-parser,crawler-url-parser.js,142,146,71,/\/default\.[a-z]+$/,/\/default\.[a-z]+/,Unknown
crawler-url-parser,crawler-url-parser.js,122,108,23,text == null,text != null,Behavioral Change
delta,src/Delta.ts,482,349,24,delta === other,true,Behavioral Change
delta,src/Delta.ts,637,507,46,otherData !== null,true,Behavioral Change
delta,src/Delta.ts,356,243,36,'number',"""""",Behavioral Change
delta,src/Delta.ts,649,512,13,thisData !== null,true,Behavioral Change
delta,src/Delta.ts,363,248,9,thisIter.peekType() === 'insert',thisIter.peekType() !== 'insert',Behavioral Change
delta,src/Delta.ts,425,291,30,'retain',"""""",Unknown
delta,src/Delta.ts,362,248,9,thisIter.peekType() === 'insert',true,Behavioral Change
delta,src/Delta.ts,135,45,51,tatic unregisterEmbed(embedType: string): void ,{},Behavioral Change
delta,src/OpIterator.ts,827,94,16,this.offset === 0,false,Behavioral Change
delta,src/Delta.ts,189,99,9,typeof length === 'number',true,Behavioral Change
delta,src/Delta.ts,657,517,17,embedType === Object.keys(otherData)[0],true,Behavioral Change
delta,src/AttributeMap.ts,41,44,9,typeof b !== 'object',false,Behavioral Change
delta,src/Delta.ts,646,511,13,typeof thisData === 'object',true,Unknown
delta,src/AttributeMap.ts,39,41,32,f (typeof a !== 'object') ,{},Unknown
delta,src/Delta.ts,700,570,5,typeof module === 'object',typeof module !== 'object',Behavioral Change
delta,src/Delta.ts,496,364,24,"Math.min(otherIter.peekLength(), length)","Math.max(otherIter.peekLength(), length)",Behavioral Change
delta,src/AttributeMap.ts,8,17,9,typeof b !== 'object',false,Unknown
delta,src/OpIterator.ts,815,82,9, ,{},Trivially Equivalent
delta,src/OpIterator.ts,773,44,11,nextOp.retain !== null,true,Trivially Equivalent
delta,src/AttributeMap.ts,100,97,12,Object.keys(attributes).length > 0,true,Unknown
delta,src/Delta.ts,580,456,18,typeof op.retain === 'object' && op.retain !== null,true,Behavioral Change
delta,src/Delta.ts,121,23,32,b === null,false,Trivially Equivalent
delta,src/Delta.ts,352,242,7,firstOther != null,true,Trivially Equivalent
delta,src/Delta.ts,631,507,13,typeof otherData === 'object' && otherData !== null,true,Unknown
delta,src/Delta.ts,645,511,13,typeof thisData =,typeof thisData === 'object' || thisData !== null,Behavioral Change
delta,src/Delta.ts,661,519,19,handler,true,Unknown
delta,src/Delta.ts,643,511,13,typeof thisData === 'object' ,typeof thisData === 'object' && thisData !== null || typeof otherData === 'object',Unknown
delta,src/Delta.ts,353,242,7,firstOther != null,firstOther == null,Behavioral Change
delta,src/Delta.ts,486,349,49,'with',"""""",Unknown
delta,src/Op.ts,720,18,49,op.retain !== null,true,Trivially Equivalent
delta,src/Delta.ts,582,456,18,typeof op.retain === 'object' && op.retain !== null,typeof op.retain === 'object' || op.retain !== null,Unknown
delta,src/Delta.ts,355,243,7,typeof firstOther.retain === 'number',typeof firstOther.retain !== 'number',Behavioral Change
delta,src/Delta.ts,416,281,30,thisOp.retain == null,true,Unknown
delta,src/AttributeMap.ts,44,44,32,f (typeof b !== 'object') ,{},Unknown
delta,src/Delta.ts,699,570,5,typeof module === 'object',false,Behavioral Change
delta,src/Delta.ts,470,340,33,f (this.ops === other.ops) ,{},Behavioral Change
delta,src/Op.ts,719,18,37,'object',"""""",Behavioral Change
delta,src/Delta.ts,350,242,7,firstOther != null &&,true,Unknown
delta,src/Delta.ts,468,340,9,this.ops === other.ops,false,Behavioral Change
delta,src/Delta.ts,701,570,23,'object',"""""",Behavioral Change
delta,src/Delta.ts,351,242,7,firstOther != null &&,firstOther != null || typeof firstOther.retain === 'number',Unknown
delta,src/Delta.ts,442,319,11,typeof otherOp.delete === 'number',true,Behavioral Change
delta,src/AttributeMap.ts,3,14,9,typeof a !== 'object',false,Behavioral Change
delta,src/Delta.ts,698,570,5,typeof module === 'object',true,Unknown
delta,src/AttributeMap.ts,6,14,32,f (typeof a !== 'object') ,{},Behavioral Change
delta,src/Delta.ts,423,291,19,action === 'retain',false,Behavioral Change
delta,src/Delta.ts,455,321,51,thisOp.retain !== null,true,Behavioral Change
delta,src/Delta.ts,575,448,22,op.retain && op.attributes,true,Behavioral Change
delta,src/Delta.ts,644,511,13,typeof thisData =,true,Behavioral Change
delta,src/AttributeMap.ts,11,17,32,f (typeof b !== 'object') ,{},Unknown
image-downloader,index.js,22,24,39,f (!path.isAbsolute(options.dest)) ,{},Behavioral Change
image-downloader,index.js,11,10,37,'The options.dest is required',"""""",Unknown
image-downloader,lib/request.js,42,24,9,'error',"""""",Behavioral Change
image-downloader,lib/request.js,35,14,26,`Status Code: ${res.statusCode}`,``,Unknown
image-downloader,lib/request.js,36,20,13,'error',"""""",Behavioral Change
image-downloader,lib/request.js,34,13,26,'Request Failed.\n',"""""",Unknown
image-downloader,index.js,21,24,7,!path.isAbsolute(options.dest),false,Behavioral Change
image-downloader,lib/TimeoutError.js,24,3,11,'TimeoutError',"""""",Unknown
node-dirty,lib/dirty/dirty.js,156,193,11,this._waitForDrain,true,Behavioral Change
node-dirty,lib/dirty/dirty.js,90,138,25,'error',"""""",Behavioral Change
node-dirty,lib/dirty/dirty.js,41,88,26,() => this.close(),() => undefined,Behavioral Change
node-dirty,lib/dirty/dirty.js,124,169,50,'drain',"""""",Behavioral Change
node-dirty,lib/dirty/dirty.js,86,134,19,!('key' in row),false,Unknown
node-dirty,lib/dirty/dirty.js,98,147,20,'',"""Stryker was here!""",Unknown
node-dirty,lib/dirty/dirty.js,55,106,55,"his._readStream = fs.createReadStream(this.path, ",{},Trivially Equivalent
node-dirty,lib/dirty/dirty.js,80,126,26,f (!rowStr) ,{},Behavioral Change
node-dirty,lib/dirty/dirty.js,121,169,13,this._inFlightWrites <= 0,false,Behavioral Change
node-dirty,lib/dirty/dirty.js,132,182,9,!this._queue.size || this._waitForDrain,!this._queue.size && this._waitForDrain,Unknown
node-dirty,lib/dirty/dirty.js,108,156,28,"on('close', () => ",{},Behavioral Change
node-dirty,lib/dirty/dirty.js,44,92,9,this._writeStream,true,Unknown
node-dirty,lib/dirty/dirty.js,146,189,51,'error',"""""",Behavioral Change
node-dirty,lib/dirty/dirty.js,92,139,22,'',"""Stryker was here!""",Unknown
node-dirty,lib/dirty/dirty.js,104,152,23,'error',"""""",Behavioral Change
node-dirty,lib/dirty/dirty.js,119,168,30,f (!this._queue.size) ,{},Behavioral Change
node-dirty,lib/dirty/dirty.js,43,91,9,this._readStream,false,Behavioral Change
node-dirty,lib/dirty/dirty.js,91,138,44,`Could not load corrupted row: ${rowStr}`,``,Unknown
node-dirty,lib/dirty/dirty.js,105,152,42,`Corrupted row at the end of the db: ${buffer}`,``,Unknown
node-dirty,lib/dirty/dirty.js,115,167,28,false,true,Unknown
node-dirty,lib/dirty/dirty.js,89,137,25, catch (e) ,{},Behavioral Change
node-dirty,lib/dirty/dirty.js,122,169,13,this._inFlightWrites <= 0,this._inFlightWrites < 0,Behavioral Change
node-dirty,lib/dirty/dirty.js,131,182,9,!this._queue.size || this._waitForDrain,false,Behavioral Change
node-dirty,lib/dirty/dirty.js,120,169,13,this._inFlightWrites <= 0,true,Behavioral Change
node-dirty,lib/dirty/dirty.js,157,193,11,this._waitForDrain,false,Behavioral Change
node-dirty,lib/dirty/dirty.js,109,158,21,'read_close',"""""",Behavioral Change
node-dirty,lib/dirty/dirty.js,79,126,17,!rowStr,false,Unknown
node-dirty,lib/dirty/dirty.js,123,169,13,this._inFlightWrites <= 0,this._inFlightWrites > 0,Behavioral Change
node-dirty,lib/dirty/dirty.js,88,134,36,f (!('key' in row)) ,{},Unknown
node-dirty,lib/dirty/dirty.js,71,122,15,chunk.lastIndexOf('\n') === -1,false,Behavioral Change
node-dirty,lib/dirty/dirty.js,60,113,15,err.code === 'ENOENT',true,Behavioral Change
node-dirty,lib/dirty/dirty.js,107,156,13,'close',"""""",Behavioral Change
node-dirty,lib/dirty/dirty.js,117,168,11,!this._queue.size,true,Unknown
node-dirty,lib/dirty/dirty.js,116,168,11,!this._queue.size,this._queue.size,Behavioral Change
node-dirty,lib/dirty/dirty.js,30,70,28,false,true,Behavioral Change
node-dirty,lib/dirty/dirty.js,102,151,15,buffer.length,false,Behavioral Change
node-dirty,lib/dirty/dirty.js,118,168,11,!this._queue.size,false,Behavioral Change
node-dirty,lib/dirty/dirty.js,111,162,17,'utf-8',"""""",Unknown
node-dirty,lib/dirty/dirty.js,74,122,43,-1,+1,Behavioral Change
node-dirty,lib/dirty/dirty.js,36,87,29,this._inFlightWrites > 0,false,Unknown
node-dirty,lib/dirty/dirty.js,46,92,50,() => this._writeStream.destroy(),() => undefined,Behavioral Change
node-dirty,lib/dirty/dirty.js,114,166,41,"his._writeStream.on('drain', () => ",{},Behavioral Change
node-dirty,lib/dirty/dirty.js,40,88,17,'drain',"""""",Behavioral Change
node-dirty,lib/dirty/dirty.js,143,189,13,!cbs.length,cbs.length,Behavioral Change
node-dirty,lib/dirty/dirty.js,73,122,33,'\n',"""""",Behavioral Change
node-dirty,lib/dirty/dirty.js,56,107,17,'utf-8',"""""",Behavioral Change
node-dirty,lib/dirty/dirty.js,103,151,30,f (buffer.length) ,{},Behavioral Change
node-dirty,lib/dirty/dirty.js,82,127,44,'Empty lines never appear in a healthy database',"""""",Unknown
node-dirty,lib/dirty/dirty.js,125,170,14, else ,{},Behavioral Change
node-dirty,lib/dirty/dirty.js,81,127,25,'error',"""""",Behavioral Change
node-geo-point,src/geo-point.ts,36,46,9,longitude < -180,false,Behavioral Change
node-geo-point,src/geo-point.ts,48,60,9,!isObject(point),false,Behavioral Change
node-geo-point,src/geo-point.ts,98,110,17,r > 1,r >= 1,Trivially Equivalent
node-geo-point,src/geo-point.ts,65,69,27,'The value of type should be \'Point\'',"""""",Unknown
node-geo-point,src/geo-point.ts,31,42,42,f (latitude < -90 || latitude > 90) ,{},Behavioral Change
node-geo-point,src/geo-point.ts,34,46,9,longitude < -180 || longitude > 180,false,Behavioral Change
node-geo-point,src/geo-point.ts,35,46,9,longitude < -180 || longitude > 180,longitude < -180 && longitude > 180,Behavioral Change
node-geo-point,src/geo-point.ts,37,46,9,longitude < -180,longitude <= -180,Behavioral Change
node-geo-point,src/geo-point.ts,87,89,84,f (!object.hasOwnProperty('latitude') || !object.hasOwnProperty('longitude')) ,{},Behavioral Change
node-geo-point,src/geo-point.ts,23,42,9,latitude < -90 || latitude > 90,latitude < -90 && latitude > 90,Behavioral Change
node-geo-point,src/geo-point.ts,25,42,9,latitude < -90,latitude <= -90,Behavioral Change
node-geo-point,src/geo-point.ts,82,89,9,!object.hasOwnProperty('latitude') || !object.hasOwnProperty('longitude'),!object.hasOwnProperty('latitude') && !object.hasOwnProperty('longitude'),Behavioral Change
node-geo-point,src/geo-point.ts,97,110,17,r > 1,false,Behavioral Change
node-geo-point,src/geo-point.ts,59,65,27,'Object must have type and coordinates',"""""",Unknown
node-geo-point,src/geo-point.ts,50,61,27,'GeoPoint: Argument must be an object',"""""",Unknown
node-geo-point,src/geo-point.ts,61,68,9,point.type !== 'Point',false,Behavioral Change
node-geo-point,src/geo-point.ts,73,73,27,'coordinates must be an array and contain 2 elements',"""""",Unknown
node-geo-point,src/geo-point.ts,28,42,27,latitude > 90,false,Behavioral Change
node-geo-point,src/geo-point.ts,40,46,29,longitude > 180,false,Behavioral Change
node-geo-point,src/geo-point.ts,53,64,9,!point.hasOwnProperty('type') || !point.hasOwnProperty('coordinates'),!point.hasOwnProperty('type') && !point.hasOwnProperty('coordinates'),Behavioral Change
node-geo-point,src/geo-point.ts,115,155,15,sinθ * sinδ * cosφ1,sinθ * sinδ / cosφ1,Behavioral Change
node-geo-point,src/geo-point.ts,123,170,82,"tatic fromLatLngArray(array: [latitude: number, longitude: number]): GeoPoint ",{},Behavioral Change
node-geo-point,src/geo-point.ts,19,38,72,f (typeof latitude !== 'number' || typeof longitude !== 'number') ,{},Behavioral Change
node-geo-point,src/geo-point.ts,4,11,29,typeof input === 'object',true,Behavioral Change
node-geo-point,src/geo-point.ts,3,11,29,typeof input === 'object' && input !== null,typeof input === 'object' || input !== null,Behavioral Change
node-geo-point,src/geo-point.ts,117,156,15,cosδ - sinφ1 * sinφ2,cosδ + sinφ1 * sinφ2,Behavioral Change
node-geo-point,src/geo-point.ts,12,38,9,typeof latitude !== 'number' || typeof longitude !== 'number',typeof latitude !== 'number' && typeof longitude !== 'number',Behavioral Change
node-geo-point,src/geo-point.ts,41,46,29,longitude > 180,longitude >= 180,Behavioral Change
node-geo-point,src/geo-point.ts,119,157,16,"λ1 + atan2(y, x)","λ1 - atan2(y, x)",Behavioral Change
node-geo-point,src/geo-point.ts,79,86,27,'GeoPoint: Argument must be an object',"""""",Unknown
node-geo-point,src/geo-point.ts,141,209,45,alculateBearing(point: GeoPoint): number ,{},Behavioral Change
node-geo-point,src/geo-point.ts,49,60,27,f (!isObject(point)) ,{},Behavioral Change
node-geo-point,src/geo-point.ts,64,68,33,f (point.type !== 'Point') ,{},Behavioral Change
node-geo-point,src/geo-point.ts,20,39,28,'Bad geo point arguments',"""""",Unknown
node-geo-point,src/geo-point.ts,77,85,9,!isObject(object),false,Behavioral Change
node-geo-point,src/geo-point.ts,58,64,80,f (!point.hasOwnProperty('type') || !point.hasOwnProperty('coordinates')) ,{},Behavioral Change
node-geo-point,src/geo-point.ts,13,38,9,typeof latitude !== 'number',false,Behavioral Change
node-geo-point,src/geo-point.ts,68,72,9,!Array.isArray(point.coordinates) || point.coordinates.length !== 2,!Array.isArray(point.coordinates) && point.coordinates.length !== 2,Behavioral Change
node-geo-point,src/geo-point.ts,118,156,22,sinφ1 * sinφ2,sinφ1 / sinφ2,Behavioral Change
node-geo-point,src/geo-point.ts,16,38,41,typeof longitude !== 'number',false,Behavioral Change
node-geo-point,src/geo-point.ts,112,153,19,sinφ1 * cosδ,sinφ1 / cosδ,Behavioral Change
node-geo-point,src/geo-point.ts,7,11,58,input !== null,true,Trivially Equivalent
node-geo-point,src/geo-point.ts,44,47,28,'bad longitude value',"""""",Unknown
node-geo-point,src/geo-point.ts,72,72,78,f (!Array.isArray(point.coordinates) || point.coordinates.length !== 2) ,{},Behavioral Change
node-geo-point,src/geo-point.ts,11,38,9,typeof latitude !== 'number' || typeof longitude !== 'number',false,Behavioral Change
node-geo-point,src/geo-point.ts,67,72,9,!Array.isArray(point.coordinates) || point.coordinates.length !== 2,false,Behavioral Change
node-geo-point,src/geo-point.ts,22,42,9,latitude < -90 || latitude > 90,false,Behavioral Change
node-geo-point,src/geo-point.ts,24,42,9,latitude < -90,false,Behavioral Change
node-geo-point,src/geo-point.ts,111,153,19,sinφ1 * cosδ + cosφ1 * sinδ * cosθ,sinφ1 * cosδ - cosφ1 * sinδ * cosθ,Behavioral Change
node-geo-point,src/geo-point.ts,88,90,27,'Object must have latitude and longitude',"""""",Unknown
node-jsonfile,utils.js,58,11,26,/^\uFEFF/,/\uFEFF/,Unknown
node-jsonfile,index.js,27,42,15,{ encoding: options },{},Behavioral Change
node-jsonfile,utils.js,55,10,7,Buffer.isBuffer(content),true,Unknown
plural,index.js,177,104,45,tring.prototype.plural = function(num) ,{},Unknown
plural,index.js,51,34,16,'s',"""""",Behavioral Change
plural,index.js,179,109,21,'Unable to add plural function to String object',"""""",Unknown
plural,index.js,43,33,7,w === 'dwarf' || w === 'roof',w === 'dwarf' && w === 'roof',Behavioral Change
plural,index.js,169,84,34,'Function',"""""",Behavioral Change
plural,index.js,60,42,18,'cellos',"""""",Behavioral Change
plural,index.js,138,76,20,num === undefined,false,Behavioral Change
plural,index.js,13,19,9,/x$|ch$|s$/i,/x|ch$|s$/i,Behavioral Change
plural,index.js,136,76,7,num !== 1,false,Behavioral Change
plural,index.js,121,61,36,'heroic',"""""",Behavioral Change
plural,index.js,133,76,7,num !== 1 || num === undefined,true,Behavioral Change
plural,index.js,160,83,11,type(rule[0]) === 'String',true,Behavioral Change
plural,index.js,117,60,78,'tropic',"""""",Behavioral Change
plural,index.js,50,33,38,f (w === 'dwarf' || w === 'roof') ,{},Behavioral Change
plural,index.js,49,33,30,'roof',"""""",Behavioral Change
plural,index.js,129,67,9,/ics$/i,/ics/i,Behavioral Change
plural,index.js,59,42,9,'cello',"""""",Behavioral Change
plural,index.js,135,76,7,num !== 1 || num === undefined,num !== 1 && num === undefined,Behavioral Change
plural,index.js,72,49,9,/^(?:wo)?man$/i,/^(?:wo)?man/i,Behavioral Change
plural,index.js,173,103,7,String.prototype.plural === undefined,true,Unknown
plural,index.js,178,108,8,lse ,{},Unknown
plural,index.js,46,33,13,'dwarf',"""""",Behavioral Change
plural,index.js,44,33,7,w === 'dwarf',false,Behavioral Change
plural,index.js,47,33,24,w === 'roof',false,Behavioral Change
plural,index.js,31,27,9,/[aeiouy]o$/i,/[^aeiouy]o$/i,Unknown
plural,index.js,6,16,9,/[^aeiou]y$|quy$/i,/[^aeiou]y|quy$/i,Unknown
plural,index.js,139,76,20,num === undefined,num !== undefined,Behavioral Change
plural,index.js,114,60,45,'electronic',"""""",Behavioral Change
plural,index.js,30,27,9,/[aeiouy]o$/i,/[aeiouy]o/i,Unknown
plural,index.js,55,40,9,'bacterium',"""""",Behavioral Change
plural,index.js,0,3,13,[],"[""Stryker was here""]",Unknown
plural,index.js,137,76,7,num !== 1,num === 1,Behavioral Change
plural,index.js,8,16,9,/[^aeiou]y$|quy$/i,/[^aeiou]y$|quy/i,Unknown
plural,index.js,167,84,16,type(rule[1]) === 'Function',false,Behavioral Change
plural,index.js,56,40,22,'bacteria',"""""",Behavioral Change
plural,index.js,153,81,16,type(rule[1]) === 'Function',true,Behavioral Change
plural,index.js,42,33,7,w === 'dwarf' || w === 'roof',false,Behavioral Change
pull-stream,sinks/log.js,158,5,38,odule.exports = function log (done) ,{},Unknown
pull-stream,throughs/through.js,409,15,10,end,false,Behavioral Change
pull-stream,sinks/drain.js,105,34,20,abort || true,false,Behavioral Change
pull-stream,pull.js,24,24,7,"case 4: return pull(read, ref[0], ref[1], ref[2], ref[3])",case 4:,Behavioral Change
pull-stream,throughs/async-map.js,250,12,10,aborted,false,Behavioral Change
pull-stream,util/tester.js,462,7,5,'object' === typeof test && 'function' === typeof test.test,false,Behavioral Change
pull-stream,sinks/drain.js,62,9,32,'no done callback supplied',"""""",Unknown
pull-stream,sinks/drain.js,130,52,8,read,true,Behavioral Change
pull-stream,sinks/drain.js,87,27,23,end && end !== true,true,Behavioral Change
pull-stream,pull.js,47,42,21,typeof s === 'object',typeof s !== 'object',Unknown
pull-stream,pull.js,38,40,9,typeof s === 'function',true,Behavioral Change
pull-stream,sources/values.js,229,10,6,!Array.isArray(array),true,Behavioral Change
pull-stream,util/prop.js,445,4,23,{ return data[key] },{},Behavioral Change
pull-stream,util/prop.js,458,6,56,v && v[0],v || v[0],Behavioral Change
pull-stream,util/prop.js,455,6,23,{ var v = key.exec(data); return v && v[0] },{},Behavioral Change
pull-stream,throughs/async-map.js,245,7,6,!map,false,Behavioral Change
pull-stream,util/prop.js,442,3,5,'string' == typeof key,false,Behavioral Change
pull-stream,sinks/drain.js,91,27,30,end !== true,end === true,Behavioral Change
pull-stream,sinks/reduce.js,177,16,35,true,false,Behavioral Change
pull-stream,util/prop.js,452,5,34,'function' === typeof key.exec,true,Behavioral Change
pull-stream,util/prop.js,457,6,56,v && v[0],false,Behavioral Change
pull-stream,sources/values.js,225,7,10,abort,true,Behavioral Change
pull-stream,pull.js,4,5,7,typeof a === 'function',true,Behavioral Change
pull-stream,util/prop.js,449,5,7,'object' === typeof key,true,Behavioral Change
pull-stream,sources/infinite.js,206,5,8,end,false,Behavioral Change
pull-stream,pull.js,22,22,7,"case 2: return pull(read, ref[0], ref[1])",case 2:,Behavioral Change
pull-stream,sinks/reduce.js,176,16,27,end === true,end !== true,Behavioral Change
pull-stream,pull.js,12,7,20,i < length,i <= length,Unknown
pull-stream,throughs/take.js,387,28,22,ended || end,ended && end,Unknown
pull-stream,throughs/through.js,402,10,11,abort === true,true,Behavioral Change
pull-stream,pull.js,49,42,44, else if (s && typeof s === 'object') ,{},Behavioral Change
pull-stream,pull.js,32,34,50,f (read && typeof read.source === 'function') ,{},Behavioral Change
pull-stream,util/prop.js,444,3,5,'string',"""""",Behavioral Change
pull-stream,sinks/reduce.js,168,12,7,arguments.length === 2,false,Behavioral Change
pull-stream,sinks/drain.js,58,8,7,!done,done,Unknown
pull-stream,throughs/async-map.js,256,15,12,!busy,false,Behavioral Change
pull-stream,pull.js,44,42,16,s && typeof s === 'object',false,Behavioral Change
pull-stream,pull.js,43,42,16,s && typeof s === 'object',true,Behavioral Change
pull-stream,sinks/drain.js,90,27,30,end !== true,true,Behavioral Change
pull-stream,sinks/log.js,159,6,32,eturn drain(function (data) ,{},Behavioral Change
pull-stream,sinks/find.js,156,22,16,true,false,Behavioral Change
pull-stream,pull.js,31,34,38,'function',"""""",Behavioral Change
pull-stream,sinks/reduce.js,173,16,12,end,false,Behavioral Change
pull-stream,sinks/find.js,140,9,6,!cb,false,Behavioral Change
pull-stream,util/prop.js,451,5,7,'object',"""""",Near Equivalent
pull-stream,sinks/drain.js,81,26,18,done,true,Behavioral Change
pull-stream,pull.js,45,42,16,s && typeof s === 'object',s || typeof s === 'object',Unknown
pull-stream,sinks/find.js,153,22,8,err === true,true,Behavioral Change
pull-stream,sinks/drain.js,131,52,8,read,false,Behavioral Change
pull-stream,pull.js,20,11,29,"""partial sink should only be called once!""","""""",Unknown
q,q.js,708,1094,36,f (!trackUnhandledRejections) ,{},Behavioral Change
q,q.js,391,534,5,"typeof process === ""object"" && process",true,Near Equivalent
q,q.js,177,304,42,i++,i--,Behavioral Change
q,q.js,814,1427,26,"""get""","""""",Behavioral Change
q,queue.js,1044,5,18,unction Queue() ,{},Behavioral Change
q,q.js,876,1589,17,"(snapshot = promise.inspect()).state === ""fulfilled""","(snapshot = promise.inspect()).state !== ""fulfilled""",Behavioral Change
q,q.js,268,405,21,i < lines.length,false,Behavioral Change
q,q.js,515,797,31,nspect = function () ,{},Behavioral Change
q,q.js,887,1603,41,unction (progress) ,{},Unknown
q,q.js,854,1527,35,"[void 0, array_slice(arguments)]",[],Behavioral Change
q,q.js,376,483,49,"""""","""Stryker was here!""",Unknown
q,q.js,503,772,38,romise.prototype.race = function () ,{},Behavioral Change
q,q.js,18,46,16,"typeof define === ""function"" && define.amd",false,Behavioral Change
q,q.js,458,656,13,resolvedPromise,true,Behavioral Change
q,q.js,827,1457,46,"romise.prototype[""delete""] = function (key) ",{},Behavioral Change
q,q.js,568,873,16,"typeof progressed === ""function""",false,Behavioral Change
q,q.js,128,210,55," else if (typeof MessageChannel !== ""undefined"") ",{},Behavioral Change
q,q.js,299,423,20,/at .+ \((.+):(\d+):(?:\d+)\)$/,/at .+ \((.+):(\D+):(?:\d+)\)$/,Unknown
q,q.js,596,909,13,!threw,true,Behavioral Change
q,q.js,176,304,25,i < this.length,i >= this.length,Behavioral Change
q,q.js,468,680,20,arguments.length > 2,true,Behavioral Change
q,q.js,137,242,13,!flushing,false,Behavioral Change
q,q.js,368,480,13,"typeof console !== ""undefined""","typeof console === ""undefined""",Unknown
q,q.js,591,902,17,Q.onerror,true,Behavioral Change
q,q.js,975,1838,42,".timeout = function (object, ms, error) ",{},Behavioral Change
q,q.js,942,1777,9,"!callback || typeof callback.apply !== ""function""","!callback && typeof callback.apply !== ""function""",Behavioral Change
q,q.js,68,128,16,laterQueue.length,false,Behavioral Change
q,q.js,733,1121,48,.stopUnhandledRejectionTracking = function () ,{},Behavioral Change
q,q.js,146,277,13,arguments.length === 1,true,Behavioral Change
q,q.js,459,656,13,resolvedPromise,false,Behavioral Change
q,q.js,627,1020,12,"isPromise(object) && object.inspect().state === ""pending""",true,Behavioral Change
q,q.js,945,1777,22,"typeof callback.apply !== ""function""","typeof callback.apply === ""function""",Behavioral Change
q,q.js,1004,1920,44,.nfcall = function (callback /*...args*/) ,{},Behavioral Change
q,q.js,922,1686,26,")), function () ",{},Behavioral Change
q,q.js,956,1807,32,.nextTick(function () ,{},Behavioral Change
q,q.js,949,1781,39,eturn this.then(function (value) ,{},Behavioral Change
q,q.js,999,1880,46,romise.prototype.delay = function (timeout) ,{},Behavioral Change
q,q.js,286,416,12,"stackLine.indexOf(""(module.js:"") !== -1",false,Behavioral Change
q,queue.js,1054,27,21,"error || new Error(""Can't get value from closed queue"")",false,Behavioral Change
q,q.js,97,179,24,true,false,Behavioral Change
q,q.js,351,465,17, catch (e) ,{},Behavioral Change
q,q.js,586,895,68,"elf.promiseDispatch(void 0, ""when"", [void 0, function (value) ",{},Behavioral Change
q,q.js,741,1144,28,", function fallback() ",{},Behavioral Change
q,q.js,98,184,9,"typeof process === ""object"" &&",true,Behavioral Change
q,q.js,253,389,63,error.__minimumStackCounter__ > p.stackCounter,false,Behavioral Change
q,q.js,987,1846,31,"error || ""Timed out after "" + ms + "" ms""",false,Unknown
q,q.js,505,789,9,fallback === void 0,true,Behavioral Change
q,q.js,592,902,17,Q.onerror,false,Behavioral Change
q,q.js,663,1058,24,[],"[""Stryker was here""]",Unknown
q,q.js,899,1636,60,"rray_reduce(promises, function (prev, current, index) ",{},Behavioral Change
spacl-core,src/rule.ts,248,71,13,prop === undefined,false,Behavioral Change
spacl-core,src/matcher.ts,36,22,9,/[*+][^/]|[^/][*+]/,/[*+][^/]|[/][*+]/,Unknown
spacl-core,src/matcher.ts,10,13,23,'Path contains invalid characters',"""""",Unknown
spacl-core,src/matcher.ts,68,39,52,f (string.length > 1 && string.endsWith('/')) ,{},Behavioral Change
spacl-core,src/matcher.ts,69,48,60,'1.1',"""""",Unknown
spacl-core,src/matcher.ts,21,19,23,'Path contains empty segments',"""""",Unknown
spacl-core,src/matcher.ts,58,30,23,'Path must not end with a slash',"""""",Unknown
spacl-core,src/matcher.ts,43,24,23,'Path contains malformed wildcards',"""""",Unknown
spacl-core,src/matcher.ts,37,22,9,/[*+][^/]|[^/][*+]/,/[*+][^/]|[^/][^*+]/,Unknown
spacl-core,src/policy.ts,189,59,52,true,false,Behavioral Change
spacl-core,src/matcher.ts,96,67,18,min > 0,min >= 0,Unknown
spacl-core,src/matcher.ts,156,111,24,/:.+/,/:./,Unknown
spacl-core,src/matcher.ts,35,22,9,/[*+][^/]|[^/][*+]/,/[*+][/]|[^/][*+]/,Behavioral Change
spacl-core,src/matcher.ts,0,11,61,'1.1',"""""",Unknown
spacl-core,src/matcher.ts,61,39,9,string.length > 1 && string.endsWith('/'),false,Behavioral Change
spacl-core,src/matcher.ts,34,22,9,/[*+][^/]|[^/][*+]/,/[^*+][^/]|[^/][*+]/,Behavioral Change
spacl-core,src/matcher.ts,54,29,20,/^.+\/$/,/.+\/$/,Near Equivalent
spacl-core,src/matcher.ts,94,67,18,min > 0,true,Behavioral Change
spacl-core,src/matcher.ts,16,16,23,'Path must begin with a slash',"""""",Unknown
spacl-core,src/matcher.ts,50,27,23,'Path contains malformed captures',"""""",Unknown
zip-a-folder,lib/ZipAFolder.ts,6,40,13,o.compression === COMPRESSION_LEVEL.uncompressed,false,Behavioral Change
zip-a-folder,lib/ZipAFolder.ts,8,40,63,f (o.compression === COMPRESSION_LEVEL.uncompressed) ,{},Behavioral Change
zip-a-folder,lib/ZipAFolder.ts,73,148,43,false,true,Unknown
zip-a-folder,lib/ZipAFolder.ts,1,36,38,onst o: ZipAFolderOptions = ,true,Behavioral Change
zip-a-folder,lib/ZipAFolder.ts,25,74,63,f (o.compression === COMPRESSION_LEVEL.uncompressed) ,{},Behavioral Change
zip-a-folder,lib/ZipAFolder.ts,23,74,13,o.compression === COMPRESSION_LEVEL.uncompressed,false,Behavioral Change
